date,plan_cost_yuan,adjustment_cost_yuan,emergency_cost_yuan,total_cost_yuan,plan_kwh,final_purchase_kwh,emergency_kwh,waste_kwh,charge_kwh,discharge_kwh,emergency_periods,simultaneous_charge_discharge_periods,soc_start_kwh,soc_end_kwh,soc_min_kwh,soc_max_kwh,max_charge_kwh,max_discharge_kwh,balance_max_abs_kwh,solve_seconds
2025-02-01,17484.17099201674,-516.3090068978948,0.0,16967.861985118845,41066.26016379266,39336.490385180514,0.0,2495.437903912989,20321.102095611317,17858.225547677124,0,0,10800.0,9246.519055297818,1255.7161550383034,10800.0,833.3333333333333,552.0416666666666,1.1368683772161603e-13,0.31336720008403063
2025-02-02,57774.856823371185,-1577.041566261125,573.3715463603015,56771.18680347036,79696.38358748116,75645.30690365787,91.95546438839301,1069.1599859503654,14522.35586609038,18210.53143399448,2,0,9246.519055297818,2082.715519229732,1200.0,10800.0,833.3333333333333,808.8579882043474,0.0,0.3312782000284642
2025-02-03,60209.07667621056,-179.77131930353505,0.0,60029.305356907025,84771.65991143484,84429.05069722698,0.0,175.4069189999999,22134.266177145237,18097.538898918247,0,0,2082.715519229732,1895.1785243068352,1632.0002162204153,10772.372444076538,833.3333333333333,812.3072222222221,0.0,0.30926610017195344
2025-02-04,59994.278895161275,2266.871380197229,0.0,62261.1502753585,84623.8084232643,85845.96874755019,0.0,236.4962503495815,23155.08834455642,18740.4797973558,0,0,1895.1785243068352,1912.0027040122795,1509.2589476439666,10800.0,833.3333333333333,816.3795833333332,0.0,0.3184728999622166
2025-02-05,59249.98479527308,5380.163624265939,182.7541930381467,64812.90261257716,84899.43248808826,88892.10365888954,26.39430864213557,1547.7762021852718,25343.55283178621,18721.258049773132,1,0,1912.0027040122795,3919.802419538616,1621.4812532551343,10800.0,833.3333333333333,833.3333333333333,2.2737367544323206e-13,0.3818312999792397
2025-02-06,59655.13917173593,1209.5698816834088,152.31749033333412,61017.026543752676,84883.55477707306,85532.91480320855,21.052866666666773,234.3428744861178,23430.39069369644,18381.823114974002,1,0,3919.802419538616,4582.906138338747,1777.6647061766905,10691.906233007532,833.3333333333333,833.3333333333333,2.2737367544323206e-13,0.36374189984053373
2025-02-07,18999.758998572106,-333.5397913512867,0.0,18666.21920722082,46925.78493047728,45371.99585083371,0.0,3390.3453887285755,27625.79971538012,17449.828919941654,0,0,4582.906138338747,10057.427082245687,1609.934650840095,10800.0,833.3333333333333,536.0374499999999,0.0,0.3275669002905488
2025-02-08,15640.434997121942,256.3467193558788,0.0,15896.78171647782,38125.33642152879,38215.45619101943,0.0,2527.015516243615,20879.988979385605,16768.711021276453,0,0,10057.427082245687,10217.516028941114,1561.0940640108815,10800.0,833.3333333333333,524.0133333333333,0.0,0.3034317996352911
2025-02-09,54680.4871154791,3165.5663013515077,0.0,57846.05341683061,75418.12231104754,77686.008184282,0.0,978.8315517824647,15573.462910368955,18421.70224453608,0,0,10217.516028941114,3765.074598788645,1739.0528881506098,10800.0,833.3333333333333,751.7003732791056,0.0,0.3694635003339499
2025-02-10,54120.08104600693,0.006899560485692291,0.0,54120.08794556742,78946.7797763824,76639.28659188186,0.0,423.3202174669599,19586.729252894394,17697.400461812824,0,0,3765.074598788645,1729.3526354904627,1729.3526354904627,10539.0547517321,833.3333333333333,770.706129506173,0.0,0.3424161998555064
2025-02-11,55312.68684277883,523.9267770847131,77.6948724865385,55914.30849235008,81209.34531080938,81408.09813521313,14.54170207098764,368.41266294276636,23713.488433092403,17879.858392084367,2,0,1729.3526354904627,3204.9829007354465,1393.6281632468133,10800.0,833.3333333333333,833.3333333333333,0.0,0.35278129973448813
2025-02-12,53241.1640384061,1507.2785828079557,0.0,54748.44262121406,77586.9127405716,77950.52549621188,0.0,48.39261284580334,20339.447932960888,17704.05118292814,0,0,3204.9829007354465,1839.3180593689772,1632.146806162724,10438.08144308642,833.3333333333333,832.1360945555555,0.0,0.3503358003217727
2025-02-13,52291.70488726376,716.5617722948238,0.0,53008.26665955858,78396.30926731287,77857.65204403058,0.0,1400.182585401225,22702.07912254308,17574.088680580382,0,0,1839.3180593689772,2744.4240690128863,1738.4202617289359,10800.0,833.3333333333333,779.0768766512343,1.1368683772161603e-13,0.339578399900347
2025-02-14,17522.156211318194,1032.7878135473095,0.0,18554.944024865505,44270.47270647963,45249.34055048655,0.0,2922.7090369841735,28225.57889723198,15700.749200396265,0,0,2744.4240690128863,10702.168187192487,1438.2293269597312,10800.0,833.3333333333333,559.76725,0.0,0.28687510010786355
2025-02-15,15195.027181242276,359.888856330353,0.0,15554.91603757263,35664.07896898874,35961.33554903547,0.0,3350.1417125269427,20626.633790017844,17295.53105350931,0,0,10702.168187192487,10048.881872087086,1700.7671829724445,10800.0,833.3333333333333,547.3166666666666,0.0,0.2650194000452757
2025-02-16,49254.53002056261,2393.706603212818,1653.3117380451697,53301.548361820605,69145.52112290019,70658.48307869046,362.48187097812826,201.95186817968238,14430.787854936803,18989.153873447893,3,0,10048.881872087086,1937.531082143659,1200.0,10463.141835945675,833.3333333333333,809.6538127349954,0.0,0.2990420002024621
2025-02-17,52448.751528003806,863.1873322624766,0.0,53311.93886026628,77644.01057043852,74966.59316299559,0.0,449.1447933029252,19555.88583114255,16222.300628116558,0,0,1937.531082143659,1513.0498544868867,1491.7380517708377,10358.822117723455,833.3333333333333,804.1549999999999,0.0,0.31198860006406903
2025-02-18,49440.06881226143,2774.665961356271,0.0,52214.7347736177,74887.76253393023,77011.1463919374,0.0,64.25826342922937,22040.029884972508,17184.529539797673,0,0,1513.0498544868867,2255.155040075842,1513.0498544868867,10784.182164211992,833.3333333333333,818.3170671728393,0.0,0.3092628996819258
2025-02-19,49559.55129117226,3032.8643043667325,249.60090428000044,52842.016499818994,74958.88237533599,77316.76933654625,46.01786583333342,531.7682091800667,23840.718782198797,19889.027172332615,1,0,2255.155040075842,1612.8828636851886,1219.2897798697943,10800.0,833.3333333333333,833.3333333333333,0.0,0.3407070997636765
2025-02-20,51989.71655389934,1513.7959363026469,41.98892513307878,53545.50141533507,78926.86913830621,80205.53918842104,7.4839898641972695,1535.1179448242478,25329.951063895256,17645.179563767597,1,0,1612.8828636851886,4804.083750338037,1346.704482242117,10800.0,833.3333333333333,833.3333333333333,0.0,0.3178152001928538
2025-02-21,16438.13273660098,433.9328322248602,0.0,16872.065568825838,40228.437989473015,40642.81795255586,0.0,5917.709822353092,24045.399597500465,14880.553500631035,0,0,4804.083750338037,9910.995054053974,1691.6258871057405,10800.0,833.3333333333333,538.6099999999999,0.0,0.27496350021101534
2025-02-22,14783.54813658681,395.93189503665224,0.0,15179.480031623463,35461.05264246642,35855.88553988252,0.0,3984.7377740879,21899.052636926324,17872.66775446504,0,0,9910.995054053974,9761.62270010429,1728.0854204129341,10800.0,833.3333333333333,530.305,0.0,0.2690815997775644
2025-02-23,46659.586795457246,660.3778238865025,0.0,47319.96461934375,66979.61937149316,67219.22975993645,0.0,152.29229573917704,13895.357693173464,18360.27391230953,0,0,9761.62270010429,1867.1402769498247,1676.774148246121,10800.0,829.8677255555551,791.4455243071758,0.0,0.3314570998772979
2025-02-24,49708.02329798227,-589.7075582078706,0.0,49118.3157397744,74688.49312308486,72575.54025123686,0.0,401.3115837585717,21003.303091658632,17032.108040847,0,0,1867.1402769498247,1845.5485696125897,1656.584423007652,10800.0,833.3333333333333,824.7499833333333,0.0,0.32673339988105
2025-02-25,48790.8768094784,-698.8244518478666,100.3812654048873,48192.433623035424,74591.42606480765,71654.67582291871,19.559872448341252,1496.0248782991312,19927.333156388566,15570.445572653982,1,0,1845.5485696125897,2479.65332963565,1734.879434314053,10800.0,833.3333333333333,833.3333333333333,0.0,0.2955233003012836
2025-02-26,47098.33440476758,2504.0532899121167,0.0,49602.387694679695,71563.31528012794,73645.7406298242,0.0,655.8455383352525,21665.58591899468,17490.538860839075,0,0,2479.65332963565,2544.7485891318925,1659.4827389668337,10800.0,833.3333333333333,818.5968999999998,1.1368683772161603e-13,0.3315712995827198
2025-02-27,46250.94067826182,573.9487003519118,929.1551727714323,47754.04455138516,72332.33565431918,72286.14002082426,181.9992669880993,504.38164198998174,23046.31516136983,18039.141715547456,3,0,2544.7485891318925,3242.9414393120114,1200.0,10589.948433365425,833.3333333333333,827.4463444444443,1.1368683772161603e-13,0.2960498998872936
2025-02-28,16437.31236140616,-26.55452263743015,0.0,16410.757838768728,42083.93430176146,41878.045993723186,0.0,7210.252991166317,25692.10786282926,14316.908410272388,0,0,3242.9414393120114,10458.162504444581,1560.8899198660918,10800.0,833.3333333333333,520.9738,0.0,0.2596632002387196
2025-03-01,14080.690743318832,-413.0174038269422,2427.6796151926997,16095.35295468459,34709.60779803969,33454.29031088948,537.9481524481544,7278.425857895114,20159.703705579846,17104.65703347066,7,0,10458.162504444581,9596.721357832388,1200.0,10800.0,833.3333333333333,478.9468333333333,5.684341886080802e-14,0.30225779954344034
2025-03-02,45064.85011665434,6526.6323011834975,18060.094037295094,69651.57645513293,66762.22463464912,68024.87525941372,3176.532051237692,986.0719429539269,17680.19077660495,19823.16247557413,15,0,9596.721357832388,3483.156972805585,1200.0,10800.0,833.3333333333333,799.8823166666666,0.0,0.2934403996914625
2025-03-03,49136.2664131416,6334.0523407970095,10362.530025411666,65832.84877935029,74745.91485858324,73685.82821670105,1890.9399955198753,380.90941841889753,21229.31552218924,18050.603361720532,11,0,3483.156972805585,2533.3149853086416,1200.0,10800.0,833.3333333333333,826.3077166666667,0.0,0.2956825001165271
2025-03-04,47416.058829785965,1409.6288047832213,0.0,48825.687634569185,72024.38892377305,73190.25184822742,0.0,98.12425061266106,22074.773299629338,18182.103635347914,0,0,2533.3149853086416,2198.2735823662492,1849.3944538061226,10344.224600244668,833.3333333333333,830.3615994444446,0.0,0.2822674005292356
2025-03-05,47057.386611012174,1807.6736775357735,15.835160000000386,48880.89544854795,73585.55503717955,71414.2671474677,3.286666666666747,801.9972982832147,20701.685756371415,16216.601257186914,1,0,2198.2735823662492,2811.344921781724,1751.4770519630729,10421.841963318519,833.3333333333333,833.3333333333333,0.0,0.2984441998414695
2025-03-06,46778.79404733193,701.0947655398736,0.0,47479.8888128718,73638.62077124897,73461.84511560932,0.0,931.3708057569572,23731.86323347962,17142.043056960596,0,0,2811.344921781724,5123.307324179399,2091.391426512573,10800.0,833.3333333333333,772.4456333333333,0.0,0.2952233001124114
2025-03-07,15282.885384492434,-248.1282961258659,0.0,15034.757088366568,39053.39584164639,37772.22021792566,0.0,8351.910144374087,22017.63053077003,13519.605990551787,0,0,5123.307324179399,9917.390367925998,1883.322568724898,10800.0,833.3333333333333,456.53116666666665,0.0,0.30345630017109215
2025-03-08,12906.080052035655,2138.111731870565,0.0,15044.19178390622,32315.496762012637,34564.239030465134,0.0,11614.54386725247,20114.30318647766,16227.74753993166,0,0,9917.390367925998,9989.43263583183,1893.3311307707513,10800.0,833.3333333333333,464.6276666666667,0.0,0.271189599763602
2025-03-09,41057.23268685257,7319.381288350018,0.0,48376.61397520259,62994.37765041417,65346.18980153618,0.0,5568.652772147884,11488.352423209302,15044.340443820993,0,0,9989.43263583183,3613.0159902524388,1837.4473874096357,10800.0,833.3333333333333,775.021111111111,0.0,0.3227599998936057
2025-03-10,43072.79444399118,19713.61838140567,0.0,62786.41282539685,65854.59203111823,79336.60456791589,0.0,9540.844305436287,15175.538602445218,13421.849789965623,0,0,3613.0159902524388,2357.834299157996,1896.4174871821394,10800.0,833.3333333333333,801.992222222222,0.0,0.37759480020031333
2025-03-11,41308.730099712055,20203.33713608977,0.0,61512.06723580182,64690.53525540177,79206.82364315641,0.0,11799.774113288628,16446.83012948725,12978.699399619452,0,0,2357.834299157996,2739.2043050082384,2019.9830646156552,10800.0,833.3333333333333,777.9016666666666,0.0,0.2723565998021513
2025-03-12,43345.25595845326,17038.71140931682,0.0,60383.96736777008,69790.54394245385,81252.20895377785,0.0,13762.14501838604,17628.38215714199,12573.852905083508,0,0,2739.2043050082384,4633.800574121023,1761.4357371491185,10800.0,833.3333333333333,795.64,0.0,0.3051930000074208
2025-03-13,41211.427659089124,12065.505594769722,0.0,53276.93325385885,64125.785775113356,72660.508529451,0.0,3870.5740714551066,16043.846709797725,14799.530268468487,0,0,4633.800574121023,2629.3400924184352,1598.9495880239772,10800.0,833.3333333333333,829.3766666666667,0.0,0.29959080019034445
2025-03-14,14595.187960556346,2262.2339779909016,0.0,16857.421938547246,39472.471959340066,41767.43098862325,0.0,13490.624202199948,25756.773085613495,13509.39228252352,0,0,2629.3400924184352,10800.0,1711.3050347325834,10800.0,833.3333333333333,496.715,0.0,0.2833737002220005
2025-03-15,12180.602757704226,1313.5083671386888,0.0,13494.111124842915,30268.205336143223,31592.742673240355,0.0,8138.351024514284,20024.85586936963,17494.589370643556,0,0,10800.0,9383.937648384272,1412.9054816399944,10800.0,833.3333333333333,576.6216666666667,0.0,0.27346759964711964
2025-03-16,38447.123723352226,2931.604845926142,0.0,41378.72856927837,58266.44308803964,61076.432677100085,0.0,884.0340882325456,13603.217817226836,16761.866161692633,0,0,9383.937648384272,3002.5379486743855,2252.621193803399,10800.0,833.3333333333333,817.1838888888888,0.0,0.2938498000148684
2025-03-17,39471.34076718561,648.8032483772192,1578.5027258807258,41698.646741443554,64197.33842636962,60426.934159822675,308.8368664344443,94.39358063456984,19237.446819793273,16454.200807504054,5,0,3002.5379486743855,2033.79474481717,1200.0,10544.64816692469,833.3333333333333,792.12985,1.1368683772161603e-13,0.2766941001173109
2025-03-18,42102.80901262229,834.7630968417196,9235.699017331332,52173.27112679534,67651.66469231695,63385.8119578414,1642.3188717299581,79.96203930081731,20956.7767940823,17134.566370478427,9,0,2033.79474481717,1856.4867811818822,1200.0,10583.349460555555,833.3333333333333,801.5304166666665,0.0,0.3162741996347904
2025-03-19,38563.40439351635,3169.9031988100287,1250.959875908262,42984.26746823464,62727.66649400323,66060.03780805657,248.05528458611153,1762.5032180236276,22537.548330302707,17457.42890568365,3,0,1856.4867811818822,2743.1370499169307,1200.0,10800.0,833.3333333333333,804.7827777777777,0.0,0.2652333998121321
2025-03-20,40908.942284995734,2308.3726515130675,1226.2244828801063,44443.53941938891,65732.56026255904,66630.75953088363,240.0740032860184,527.2315734463698,20767.226430730305,16632.586286673682,5,0,2743.1370499169307,2952.989407936783,1200.0,10224.11869176677,833.3333333333333,812.1955555555553,1.1368683772161603e-13,0.2786945996340364
2025-03-21,14377.146463852823,-30.798568674962,0.0,14346.347895177862,38506.01894911876,38236.509130893115,0.0,14513.281783914437,25435.052220370395,13745.289390058384,0,0,2952.989407936783,10571.992639538603,1295.504614896964,10800.0,833.3333333333333,494.82499999999993,5.684341886080802e-14,0.25702569959685206
2025-03-22,12056.205727464747,222.163501190616,0.0,12278.369228655363,30146.277481701716,30341.84553412582,0.0,11403.518234878373,19411.488187997453,16354.360622083339,0,0,10571.992639538603,9870.820206421486,1985.9509098781027,10800.0,833.3333333333333,471.8125166666667,0.0,0.26629739976488054
2025-03-23,36332.52392610555,-138.93860212085954,0.0,36193.585323984684,56225.01127925409,55305.07995972644,0.0,1258.7516734781098,13090.29323678888,17813.685067207207,0,0,9870.820206421486,1859.1007115234663,1605.7972652821081,10800.0,833.3333333333333,817.6898666666666,1.1368683772161603e-13,0.354857100173831
2025-03-24,38606.602402001445,1372.432460774674,0.0,39979.03486277612,62849.374510184774,63333.66656507794,0.0,928.9823191836238,21668.822394795214,17262.63523223423,0,0,1859.1007115234663,2180.3350532455756,1842.5252855975402,10800.0,833.3333333333333,791.9585666666665,0.0,0.2876344998367131
2025-03-25,39671.06139062028,4377.684292200778,0.0,44048.745682821056,64230.813375256475,65884.07117379812,0.0,1910.7789029741602,18011.06586069096,14987.89830653365,0,0,2180.3350532455756,1737.0739872744903,1565.9920881771163,10800.0,833.3333333333333,783.7179694444445,0.0,0.23644030024297535
2025-03-26,37984.7197273272,9811.17338219039,0.0,47795.893109517594,62096.57953265694,69674.86680573791,0.0,9762.16493958515,17565.15030705537,13245.00330756927,0,0,1737.0739872744903,2829.0389218806827,1737.0739872744903,10800.0,833.3333333333333,779.9385044444443,0.0,0.3197252999525517
2025-03-27,37357.30605472819,9454.363643938483,0.0,46811.66969866668,61459.64359176635,68005.94694074332,0.0,5739.864646552345,17027.419347360486,13478.326453169506,0,0,2829.0389218806827,3177.798053205678,1537.9041343167894,10800.0,833.3333333333333,766.7254166666667,0.0,0.290955200092867
2025-03-28,14023.571882658944,2467.6956751830803,0.0,16491.267557842024,37603.689933777954,40122.989911999946,0.0,17889.528097628976,24051.644970448135,12640.063922743822,0,0,3177.798053205678,10779.763056893642,1872.9151585965312,10800.0,833.3333333333333,483.8733333333333,5.684341886080802e-14,0.27497199992649257
2025-03-29,11260.943167027282,1597.3575443899833,0.0,12858.300711417265,29674.880130771835,31311.722058703053,0.0,20404.182477524315,20136.31812333549,16935.987725490082,0,0,10779.763056893642,10084.685228462164,1411.9303815643989,10800.0,833.3333333333333,482.24499999999995,0.0,0.27593000000342727
2025-03-30,34464.87094223633,9188.149136816204,0.0,43653.020079052534,56269.28511228543,63359.25747058852,0.0,8405.947647366867,13452.244905192685,13844.554781971023,0,0,10084.685228462164,6808.866996501113,1630.459899574674,10800.0,833.3333333333333,761.5791333333332,0.0,0.3317284998483956
2025-03-31,32485.187813616532,11898.567352189733,0.0,44383.755165806266,51260.29626657881,63207.39487993233,0.0,8163.233139806271,11204.775007320455,13112.002750527721,0,0,6808.866996501113,2324.2725580587253,1576.4772664537857,10800.0,833.3333333333333,796.0470833333333,0.0,0.2651889002881944
2025-04-01,36914.8436323579,11499.918362276072,0.0,48414.76199463397,59678.09496974298,69187.27258066958,0.0,6364.882349578358,16124.571782256691,13511.033067832135,0,0,2324.2725580587253,1824.128197831817,1559.9500493641528,10800.0,833.3333333333333,772.0364500000001,1.1368683772161603e-13,0.32454279996454716
2025-04-02,36447.49094044101,10404.773100569088,0.0,46852.264041010094,60350.53425720851,68402.99699218571,0.0,3774.897481595175,19077.239172104324,14884.475061513787,0,0,1824.128197831817,2455.3378288215026,1488.2713337159664,10800.0,833.3333333333333,788.4129166666667,0.0,0.26806799974292517
2025-04-03,37303.41946623602,4950.126733053321,0.0,42253.54619928934,61025.0745906671,64108.49893781743,0.0,4697.550526425404,19531.537500179453,15984.119355454091,0,0,2455.3378288215026,2273.588961811798,1514.1335855617974,10800.0,833.3333333333333,779.5462500000001,0.0,0.25410989997908473
2025-04-04,13757.62784629618,1030.8910592916045,0.0,14788.518905587785,37112.8520402881,38064.14090254184,0.0,19753.761968315026,22997.874212020863,11118.297527794057,0,0,2273.588961811798,10618.01183285941,1653.439601383018,10800.0,833.3333333333333,503.50333333333333,5.684341886080802e-14,0.2259908001869917
2025-04-05,11216.739979925722,1127.2446888812885,0.0,12343.98466880701,28639.990612071997,29796.13240804004,0.0,14340.432708381335,19791.832637611158,16380.247921285782,0,0,10618.01183285941,10230.385738614137,1606.8190309972251,10800.0,833.3333333333333,483.91773333333333,5.684341886080802e-14,0.2368905998300761
2025-04-06,32954.85427822904,1688.8162474935366,0.0,34643.67052572258,51987.16675781856,51933.430917976395,0.0,1583.5634169978862,12363.539066584966,16423.747832273122,0,0,10230.385738614137,3108.9621960149143,1494.5685452124446,10800.0,833.3333333333333,739.665,1.1368683772161603e-13,0.2873719995841384
2025-04-07,33947.800456801626,1958.6746593651187,0.0,35906.475116166745,56049.68666244845,58263.48569802335,0.0,1166.692700995303,20323.857122022928,16469.783408328207,0,0,3108.9621960149143,3100.6742632486607,1800.0749145449568,10800.0,833.3333333333333,735.0190166666666,1.1368683772161603e-13,0.27190199960023165
2025-04-08,35006.04916058755,1997.9518809634224,0.0,37004.001041550975,57927.951679444566,59485.85310816007,0.0,896.3549842263973,20551.82337679075,16315.518869523741,0,0,3100.6742632486607,3468.961002889516,1439.1593930012073,10800.0,833.3333333333333,746.5049999999999,0.0,0.22189680021256208
2025-04-09,33781.267735982525,7192.878462545521,0.0,40974.14619852805,55187.75939189422,63436.915537592664,0.0,2147.5260527248274,19097.71156956002,16942.63310135885,0,0,3468.961002889516,1831.7535250948135,1622.0419301565419,10800.0,833.3333333333333,749.6552499999999,1.1368683772161603e-13,0.28917089966125786
2025-04-10,35774.499560210235,2072.951889417947,0.0,37847.451449628184,58899.65361850182,60976.881687150846,0.0,1697.5483504348615,21511.817272567867,16693.12183585188,0,0,1831.7535250948135,2644.475919459355,1552.1943942105902,10800.0,833.3333333333333,766.9669166666665,0.0,0.28858539974316955
2025-04-11,13429.587507449382,669.9994746090274,0.0,14099.586982058408,36387.75516833048,37094.633860846705,0.0,19961.605778544643,24645.44891444544,12829.070998810039,0,0,2644.475919459355,10570.856610449093,1732.7970476208102,10800.0,833.3333333333333,493.1533333333333,0.0,0.26161309983581305
2025-04-12,10651.387098284285,-14.52436790964679,0.0,10636.862730374638,27804.27607850349,27755.210935232768,0.0,15971.86214214281,19558.487362431435,16800.29911934148,0,0,10570.856610449093,9506.496215146857,1816.9538087271028,10800.0,833.3333333333333,476.1539333333333,5.684341886080802e-14,0.200114700011909
2025-04-13,31072.41271871477,2555.7077034725166,0.0,33628.12042218729,48517.69531247747,51183.70220267732,0.0,621.8685232399387,13235.22880412374,16949.753608019688,0,0,9506.496215146857,2585.142574391909,1778.880599268453,10800.0,833.3333333333333,748.98,0.0,0.2034892998635769
2025-04-14,34948.89910705839,-386.91611860843886,0.0,34561.98298844995,58273.26970218291,57264.51494764061,0.0,165.83180862100065,20985.892973830876,16415.241634811275,0,0,2585.142574391909,3233.288878827174,1727.5289564814946,10800.0,833.3333333333333,759.3166666666666,1.1368683772161603e-13,0.30721360025927424
2025-04-15,32545.817741205567,636.2024463895053,0.0,33182.02018759507,54664.87151546478,55305.43351743708,0.0,1217.8042381258394,21008.84501605504,17060.64457007713,0,0,3233.288878827174,3184.977648746565,1388.5998433761947,10800.0,833.3333333333333,751.0735833333333,0.0,0.3282733999658376
2025-04-16,32926.142442552446,5734.677069328591,0.0,38660.81951188104,54052.792776805945,60450.657648465385,0.0,1905.7211685800592,18932.253341905125,16166.90881201979,0,0,3184.977648746565,2260.7736431058534,1689.671480883632,10800.0,833.3333333333333,748.3073333333334,1.1368683772161603e-13,0.34560729982331395
2025-04-17,33540.384334678136,2381.862757497819,0.0,35922.24709217595,56178.58545784112,59158.265300250656,0.0,797.1161117019425,21263.731159708906,15770.924321160186,0,0,2260.7736431058534,3874.8824411103333,1525.9929312955192,10800.0,833.3333333333333,750.8766666666667,1.1368683772161603e-13,0.3494819002225995
2025-04-18,12731.266172675321,533.5350568227034,0.0,13264.801229498025,34621.742985598496,35004.47843165207,0.0,18246.10815300107,22734.83426615105,12330.581170833391,0,0,3874.8824411103333,10635.587535275845,1646.069267421979,10800.0,833.3333333333333,475.26,5.684341886080802e-14,0.29715120047330856
2025-04-19,10010.787623764514,362.2769915239579,0.0,10373.064615288473,26847.808496886348,27255.54824208509,0.0,17487.849226598675,19129.751289213767,16146.731523727354,0,0,10635.587535275845,9911.550891426723,1881.2022960168447,10800.0,833.3333333333333,475.26865,0.0,0.2670722999610007
2025-04-20,29523.18951346767,2061.2315154765492,0.0,31584.42102894422,46213.10828715124,48130.0123886881,0.0,773.9896380747984,12311.122010904455,16912.844143624487,0,0,9911.550891426723,2199.511652769086,1979.6598651066938,10800.0,833.3333333333333,721.5449,1.1368683772161603e-13,0.3064939002506435
2025-04-21,33898.22836145983,-680.7550443899383,0.0,33217.47331706989,57823.02072378251,54606.60598926186,0.0,1419.7205440256803,20431.276146815915,15761.301084913071,0,0,2199.511652769086,3075.10342388889,1715.187064320989,10800.0,833.3333333333333,741.0165499999999,0.0,0.30221410002559423
2025-04-22,31572.18904857013,2544.338836126196,0.0,34116.52788469633,51999.823464493486,55166.63093795936,0.0,1042.3985034062157,17882.70685336069,15911.40373547421,0,0,3075.10342388889,1490.2021080532786,1490.2021080532786,10800.0,833.3333333333333,750.7866666666666,0.0,0.2615178001578897
2025-04-23,33719.11854099593,2367.0627151291724,0.0,36086.1812561251,57221.909849115196,60291.56355675553,0.0,1001.2231191614285,23495.015672301895,15604.59195137446,0,0,1490.2021080532786,5297.280711597806,1363.4799779901234,10800.0,833.3333333333333,748.3694499999999,0.0,0.2558923000469804
2025-04-24,31976.545150286605,756.7059118766231,0.0,32733.25106216323,53672.9777849343,54029.83503846777,0.0,3460.65367722704,18913.733255467523,15434.658594226794,0,0,5297.280711597806,5170.01998126658,1476.746106945593,10800.0,833.3333333333333,745.5016666666667,0.0,0.2048315997235477
2025-04-25,11408.028946585204,-100.7396103642512,0.0,11307.289336220952,32151.346384291006,31872.274332309004,0.0,21087.63047799377,22149.260480567835,13364.974276252602,0,0,5170.01998126658,10254.382995719185,1516.3349715051372,10800.0,833.3333333333333,490.2083333333333,5.684341886080802e-14,0.26543529983609915
2025-04-26,9847.058425386742,201.02548317557927,0.0,10048.083908562321,26438.674875503613,26650.322829293735,0.0,23443.154529041527,20753.482830731806,17616.508163812927,0,0,10254.382995719185,9358.619583585674,1570.4015367338222,10800.0,833.3333333333333,484.1332333333333,5.684341886080802e-14,0.25428219977766275
2025-04-27,27875.642816015523,2561.6624491378743,0.0,30437.305265153398,44402.28182721751,46267.392563767484,0.0,1340.0804645146432,14034.754106613891,17680.91319069438,0,0,9358.619583585674,2344.4391787666436,1593.2911592320925,10800.0,833.3333333333333,733.8631166666667,0.0,0.28362419991753995
2025-04-28,32803.69163102441,7782.9753467977725,0.0,40586.666977822184,54605.250519165165,63060.37214187096,0.0,1978.7566591547488,20224.614420961057,15764.966254911511,0,0,2344.4391787666436,3029.9629855076946,1689.6586063101636,10800.0,833.3333333333333,730.8916666666667,0.0,0.32525189965963364
2025-04-29,30803.107531990325,1017.2916722515023,0.0,31820.39920424183,51935.087990107284,52715.86493833574,0.0,1483.4942016793889,19638.64535117171,15839.488331182023,0,0,3029.9629855076946,3105.3123224711044,1478.146590609125,10800.0,833.3333333333333,748.9916666666666,0.0,0.2890359000302851
2025-04-30,30942.830505188034,744.5279380548852,0.0,31687.35844324292,51952.22522672856,52725.19170954867,0.0,265.42459446294663,18624.013255287187,14421.100573534786,0,0,3105.3123224711044,3843.4791705242546,1593.850679667233,10800.0,833.3333333333333,746.8378333333334,1.1368683772161603e-13,0.29173170030117035
2025-05-01,31719.31989454732,3096.617011109593,7203.127227121502,42019.06413277841,51963.86656311243,54109.5728301289,1601.1811876573256,1944.7736992141672,19914.383010757334,17159.781492185273,19,0,3843.4791705242546,2700.0,1200.0,10800.0,833.3333333333333,819.6148166666667,0.0,0.2643972998484969
2025-05-02,12608.078023168538,1937.243483530637,3116.2158110998034,17661.53731779898,32470.339135823328,34141.1502933095,651.3358183837576,12347.08569141633,20802.78095087276,12647.700613929163,7,0,2700.0,7369.502173641976,1200.0,10800.0,831.4455555555555,546.4155499999999,5.684341886080802e-14,0.21555260010063648
2025-05-03,12031.612644309233,110.93311289861138,2780.7403602751356,14923.286117482978,30427.216077065554,30503.930890162366,644.9995582035978,16928.950992711245,20823.4407367792,15470.632931124484,6,0,7369.502173641976,8921.006691049384,1200.0,10800.0,833.3333333333333,572.5083333333333,5.684341886080802e-14,0.25514640007168055
2025-05-04,31456.683344052493,1825.1997432488542,39.825744950000555,33321.70883225135,47758.80083692893,47585.71309482168,5.9969500000000835,145.90726900341983,11054.43395666446,15343.298514179533,1,0,8921.006691049384,1821.8877918479202,1736.9549867762987,10800.0,806.2678555555553,833.3333333333333,0.0,0.31917829997837543
2025-05-05,36457.74935430774,2653.4620572635167,0.0,39111.21141157126,57741.41880485638,59979.00399234764,0.0,28.422744444444334,20508.215428797535,15633.640980894335,0,0,1821.8877918479202,2908.5694767719992,1775.3883474034758,10249.126713191996,833.3333333333333,813.5731666666667,0.0,0.2557585001923144
2025-05-06,35578.98841061036,2564.903912617263,0.0,38143.89232322762,54977.80507162446,56845.224522199846,0.0,335.51038640781786,19295.895345850913,15656.263576725558,0,0,2908.5694767719992,2879.0268694538704,1397.7433432458256,10800.0,833.3333333333333,827.1365279986433,1.1368683772161603e-13,0.3246589000336826
2025-05-07,36859.38209007931,3153.3644692809858,0.0,40012.74655936029,57490.169110671966,60936.59884835775,0.0,1118.054072918344,20160.078532244348,15409.379706804939,0,0,2879.0268694538704,3901.5645409127474,1971.1626668511474,10800.0,833.3333333333333,823.3235260734398,1.1368683772161603e-13,0.32770230039022863
2025-05-08,36833.022778080565,1515.2550547651972,276.66178206777596,38624.93961491354,59145.62749423149,59702.36784000457,39.79007555555529,204.41353888888898,18639.636446141725,14928.404469470488,2,0,3901.5645409127474,4090.121265250868,2341.2440119443363,10785.616659208286,833.3333333333333,833.3333333333333,0.0,0.34183660009875894
2025-05-09,14178.353301376566,1162.987558143904,0.0,15341.340859520471,35492.672052813155,36037.24506136487,0.0,17302.295637730636,22087.751117684285,11852.187544050055,0,0,4090.121265250868,10800.0,1724.7117412585253,10800.0,833.3333333333333,560.7918,0.0,0.2730769996996969
2025-05-10,12609.109414486476,563.2286812588193,0.0,13172.338095745296,29002.639018861446,29518.358325353845,0.0,14338.986527782774,19751.68164464882,16693.35513041108,0,0,10800.0,10028.341113060522,2218.1939805081156,10800.0,830.785,554.0049499999999,5.684341886080802e-14,0.25439579994417727
2025-05-11,33818.69748281264,791.9711728669583,115.61887835555581,34726.28753403515,51538.70372196841,51829.301742724805,17.180355555555593,408.3206410163477,12425.46725319146,16471.38487926078,2,0,10028.341113060522,2909.722886198645,2028.464380441484,10800.0,833.3333333333333,833.3333333333333,0.0,0.3168899999000132
2025-05-12,35372.4171637968,1468.145264033078,0.0,36840.56242782988,55797.795921325946,56703.37982399812,0.0,1258.798971549954,16767.933381361152,13254.547762246313,0,0,2909.722886198645,3273.587638038885,2324.1638824599163,10800.0,833.3333333333333,804.8113333333333,1.1368683772161603e-13,0.29686090000905097
2025-05-13,35916.429554686154,171.7293038856577,0.0,36088.15885857181,58458.012880986505,57654.80701573943,0.0,1490.3526259036155,19002.611433719,15967.369810549848,0,0,3273.587638038885,2634.4159166639392,2071.3030008911005,10800.0,833.3333333333333,825.4812333333333,1.1368683772161603e-13,0.33854430029168725
2025-05-14,35521.31925937605,274.324781931748,0.0,35795.644041307794,57179.24274249985,56861.27477137717,0.0,861.0131400797816,17635.07547686916,14648.962628905112,0,0,2634.4159166639392,2229.3587026182886,1990.7185594084126,10800.0,833.3333333333333,823.0083333333333,0.0,0.30214370018802583
2025-05-15,35825.092566415406,127.31085718307833,0.0,35952.40342359849,57003.77543008204,57058.85464920235,0.0,431.3188127297264,19797.808552915067,15935.330999775775,0,0,2229.3587026182886,2341.4630671576588,1953.0838867255602,10800.0,833.3333333333333,805.6216666666666,1.1368683772161603e-13,0.2952918999362737
2025-05-16,14634.022878400494,6.907802411012973,0.0,14640.930680811507,36491.50040818812,36231.23558051769,0.0,21938.965391081903,22904.672742632385,11327.909086529931,0,0,2341.4630671576588,10369.10288382688,1640.5306540370377,10800.0,833.3333333333333,566.1133333333332,5.684341886080802e-14,0.23168520024046302
2025-05-17,11609.471871514752,351.04486937990686,0.0,11960.516740894658,27389.68157897923,27743.903104703102,0.0,14924.654131931438,19918.926727014477,17548.476837576145,0,0,10369.10288382688,8797.829340833088,1387.3748906708104,10800.0,833.3333333333333,593.3274333333333,0.0,0.24285219982266426
2025-05-18,31905.340264108218,2253.889193937393,34.42846500000008,34193.657923045605,49682.11948743976,52052.36418568362,5.236666666666679,2126.4432322739276,12193.977835628775,15938.988315552422,1,0,8797.829340833088,2062.422375618522,1863.9272820382748,10800.0,833.3333333333333,833.3333333333333,1.1368683772161603e-13,0.3548692998010665
2025-05-19,33278.13561038356,248.93513939781383,444.92296944444405,33971.993719225815,54260.87176166338,53577.89204227847,64.06038888888884,2614.6142167894377,18522.942227800006,15010.820563422076,2,0,2062.422375618522,2054.3808657251184,1742.5083991356116,10800.0,833.3333333333333,833.3333333333333,0.0,0.2929040000308305
2025-05-20,32549.84497496664,4799.800044017836,0.0,37349.645018984476,53071.281436753045,58584.65088636645,0.0,1170.1855345683807,18384.76043252003,15497.689897388622,0,0,2054.3808657251184,1381.0098134502352,1258.7498378329508,10800.0,833.3333333333333,831.5733333333333,1.1368683772161603e-13,0.26958899991586804
2025-05-21,32726.443879215127,3347.0422992066137,0.0,36073.48617842174,52015.04568381296,55625.8274073981,0.0,552.5048557520095,17885.85148854682,14175.144220234055,0,0,1381.0098134502352,1728.115908437871,1381.0098134502352,10800.0,833.3333333333333,799.1781845822562,0.0,0.2799366000108421
2025-05-22,33721.28452676843,2127.844494119694,0.0,35849.129020888126,54588.91255629448,57446.44624120542,0.0,1206.2474617356154,19279.01651197089,13855.448549167748,0,0,1728.115908437871,3684.287936803071,1728.115908437871,10800.0,833.3333333333333,803.8327777777776,0.0,0.2632090002298355
2025-05-23,13474.99528446314,1393.963059828931,0.0,14868.958344292072,34419.07891971895,35739.93605564761,0.0,18721.051162012074,22072.606070657734,11474.67006035553,0,0,3684.287936803071,10800.0,1529.8535548270982,10800.0,833.3333333333333,551.3140666666666,0.0,0.22199570015072823
2025-05-24,11626.073007302468,144.7060915180619,0.0,11770.77909882053,27913.435529166512,28014.674890061156,0.0,20699.409608880887,20888.59397195086,17327.830074103927,0,0,10800.0,10346.590047973626,1615.4574123896296,10800.0,833.3333333333333,551.4284333333334,0.0,0.20826230011880398
2025-05-25,30204.750734742276,782.2804833770565,0.0,30987.031218119333,47271.50216601197,46928.10715571516,0.0,1898.67012690741,14607.219564013347,18122.792718538927,0,0,10346.590047973626,3356.651301653502,1623.7137402535348,10800.0,833.3333333333333,828.9497902477231,0.0,0.3154328998643905
2025-05-26,32124.30042583055,5693.070814087462,0.0,37817.37123991801,51628.97340916142,58277.0585087442,0.0,1406.4757182586036,18665.60676163659,16374.856921150986,0,0,3356.651301653502,1961.4119191808968,1553.6825772568664,10800.0,833.3333333333333,824.9333333333334,1.1368683772161603e-13,0.29505149996839464
2025-05-27,32257.268917782178,1017.6149146636933,0.0,33274.88383244587,52040.58050260342,53302.30292372431,0.0,318.0748484667521,20107.97630036375,16514.115525106186,0,0,1961.4119191808968,1709.5733393902883,1585.932130327162,10800.0,833.3333333333333,806.3283794878473,0.0,0.29793000034987926
2025-05-28,34118.21936478873,1298.831360739197,0.0,35417.05072552793,55766.48391168904,56809.41080977715,0.0,631.0515680298344,19129.137997054626,15224.602855307301,0,0,1709.5733393902883,2009.5721419535553,1709.5733393902883,10800.0,833.3333333333333,825.7825333333333,0.0,0.2868784002494067
2025-05-29,34120.090055249166,3270.953151329229,119.80442173333444,37510.847628311734,55600.18748902183,58470.62465087538,17.817433333333497,143.26396607643767,19239.16076665149,15004.106148519199,1,0,2009.5721419535553,2653.587778029671,1479.1951320766557,10358.629728478258,833.3333333333333,833.3333333333333,1.1368683772161603e-13,0.3053554000798613
2025-05-30,13971.300945143303,375.38984418505896,0.0,14346.690789328362,34447.103333737556,34746.81853009628,0.0,17881.694642263374,22401.68823360259,12132.797612436347,0,0,2653.587778029671,9334.220952231613,1622.7288630370367,10800.0,833.3333333333333,541.2109166666667,0.0,0.26151420013047755
2025-05-31,11399.522705196749,-180.73653309724537,0.0,11218.786172099502,29444.3681376871,28915.527540205094,0.0,16724.804150670803,22481.02049821371,18679.478658679414,0,0,9334.220952231613,8812.163113202381,1525.649143104943,10800.0,833.3333333333333,698.5183333333332,0.0,0.20234920014627278
2025-06-01,38646.157544700276,13048.933090120558,7175.722030224316,58870.81266504515,55092.549233192985,65084.24057488213,1549.233320480264,285.4718479443293,10390.118680527463,15266.942933109385,21,0,8812.163113202381,1200.0,1200.0,10004.504184544943,833.3333333333333,833.3333333333333,1.1368683772161603e-13,0.3744186998810619
2025-06-02,45838.73966830954,5915.6078697020375,2289.7826906882774,54044.130228699854,69403.65165676322,72075.74755959924,691.1975172684079,289.1405036808778,20010.76044294565,16173.763319758877,15,0,1200.0,1238.8362655856724,1200.0,10656.660424102362,833.3333333333333,833.3333333333333,0.0,0.2818543000612408
2025-06-03,46721.70932240941,4540.191390023752,826.4210367546007,52088.32174918777,69904.09803084254,73714.29166802487,120.13229677459628,1337.4139371684846,20230.115284303225,15925.472090005567,4,0,1238.8362655856724,1750.9710325634935,1238.8362655856724,10800.0,833.3333333333333,833.3333333333333,0.0,0.3521320999134332
2025-06-04,53781.470251174076,-37.92341774465182,80.58438411913725,53824.131217548565,79193.50396681309,76812.50068470147,11.471903212917255,2331.1952323242876,22033.067049271336,17185.5505103479,1,0,1750.9710325634935,2485.6752542989257,1750.9710325634935,10800.0,833.3333333333333,833.3333333333333,0.0,0.35486800014041364
2025-06-05,49937.953201867924,2272.6585596325153,56.36213695270845,52266.97389845315,73557.96746194377,75210.2532886055,8.200428508403661,65.57005318826657,21634.955697331883,17631.390050072914,2,0,2485.6752542989257,2366.701992927721,1434.2472560664503,10446.648208462717,833.3333333333333,833.3333333333333,1.1368683772161603e-13,0.30373210017569363
2025-06-06,14877.690927072525,6604.259543907164,2834.135411904477,24316.085882884166,31747.48387191158,36519.44177029347,525.0322873159348,3029.016057093822,15047.849681786418,11887.387081270837,6,0,2366.701992927721,2701.55883845679,1200.0,10800.0,833.3333333333333,662.1683333333333,0.0,0.2776074002031237
2025-06-07,15843.728666219706,2767.905173509781,294.61997127580406,18906.25381100529,32998.21785732139,35311.04767652748,53.04137970842032,1669.94183682131,15681.236815623099,13113.602762875167,2,0,2701.55883845679,2244.002235989613,1200.0,10800.0,833.3333333333333,695.8816666666667,0.0,0.26018560002557933
2025-06-08,51774.56328605764,-1072.2082437066097,0.0,50702.355042351024,76791.32230001334,71946.92260991888,0.0,2266.509454102946,19180.899816722784,14685.409927573513,0,0,2244.002235989613,3189.689929291779,2244.002235989613,10800.0,833.3333333333333,829.4770550957411,1.1368683772161603e-13,0.30848770029842854
2025-06-09,55558.838948001896,-709.5931191083889,187.8218258333337,55037.067654726845,79690.28835175546,77545.00760863049,26.571666666666715,2382.3967047416963,21427.70595848938,17171.236121267255,1,0,3189.689929291779,3395.4740460797125,2102.575002647613,10800.0,833.3333333333333,833.3333333333333,0.0,0.27643690002150834
2025-06-10,52737.33796042073,2719.9858628164775,0.0,55457.32382323721,76450.77404571784,78178.53456670191,0.0,2709.85164906605,21396.228025011922,17545.989340709388,0,0,3395.4740460797125,3156.5355566911217,2275.5130259540842,10800.0,833.3333333333333,800.6156810468151,0.0,0.3037894000299275
2025-06-11,55180.974266745805,3922.2384841046796,669.8720707042752,59773.08482155476,79610.7940655105,82410.98439519473,126.74812520408622,1566.8853444458168,23798.584312582385,18912.18345329605,3,0,3156.5355566911217,3561.724267686321,1200.0,10800.0,833.3333333333333,815.1356328540902,1.1368683772161603e-13,0.26510710013099015
2025-06-12,53340.7787392078,1246.081342889016,0.0,54586.86008209682,77633.35395053371,78235.2355635617,0.0,1353.538261915337,22196.20076777327,17766.894899460225,0,0,3561.724267686321,3797.31062594868,2135.564104200352,10800.0,833.3333333333333,811.0301729261546,0.0,0.25666730012744665
2025-06-13,16973.689164073527,1494.6805085839846,0.0,18468.36967265751,35147.63113069616,36176.53589179172,0.0,4024.1670604610767,16648.676920857517,12841.621789526873,0,0,3797.31062594868,4512.651199690593,1322.3086102500897,10800.0,833.3333333333333,637.9376166666666,0.0,0.2670378000475466
2025-06-14,17575.90239091153,-51.14834875546954,0.0,17524.754042156062,33916.98823365035,33767.97706041142,0.0,6345.139664357894,15454.593592461155,14225.09894640763,0,0,4512.651199690593,2616.119936897154,1906.4056033641998,10800.0,833.3333333333333,655.4149666666666,0.0,0.25773220020346344
2025-06-15,51006.89996597473,1544.5475187344168,46.50946285444593,52597.956947563594,74690.66877094316,76016.46955238917,6.741478888889105,1466.5286674405406,21178.663461442942,17248.955430938746,1,0,2616.119936897154,2511.4110178194182,2074.376049762989,10800.0,833.3333333333333,833.3333333333333,0.0,0.29407570022158325
2025-06-16,52399.72743275816,2895.0480734935763,0.0,55294.77550625174,76011.3661835852,77383.82539375508,0.0,599.0855955865691,20508.115436012376,16417.42845451053,0,0,2511.4110178194182,2727.127738552192,1955.4344378194776,10800.0,833.3333333333333,824.5495923652115,0.0,0.3172486003022641
2025-06-17,52325.31408363259,2269.9718482367725,136.60431105874437,54731.89024292811,75904.38863138326,77763.52495854234,20.951464750357246,309.13635824127425,22172.335858325,19334.00700994023,4,0,2727.127738552192,1200.0,1200.0,10800.0,833.3333333333333,833.3333333333333,1.1368683772161603e-13,0.35641640005633235
2025-06-18,53404.62577378144,375.82883774302456,0.0,53780.45461152446,77830.9282304048,76635.60889902605,0.0,1186.208019279819,20206.324815022323,15685.314835276089,0,0,1200.0,1957.5647387688796,1200.0,10800.0,833.3333333333333,815.0022222222221,1.1368683772161603e-13,0.338608100079
2025-06-19,49835.215848365835,2418.8001442609802,440.46064224584734,52694.47663487266,74428.41297999537,73995.08916533348,63.123144873961564,1488.1328655932973,21286.80517932034,16976.22993470619,3,0,1957.5647387688796,2253.21169492809,1498.1223087259687,10800.0,833.3333333333333,833.3333333333333,1.1368683772161603e-13,0.3206306002102792
2025-06-20,18145.59015847664,-10.728551577646474,0.0,18134.861606898994,36727.31989022271,36692.67135507538,0.0,8889.783899078215,16965.35985105624,11563.053245059076,0,0,2253.21169492809,4674.198621924174,1884.9853975864203,10800.0,833.3333333333333,636.115,0.0,0.30003800010308623
2025-06-21,16565.16339413426,587.0336910084701,0.0,17152.19708514273,33723.767694916125,34157.753639369155,0.0,11706.491532842121,16881.60112687106,13765.079420344031,0,0,4674.198621924174,4573.10694683698,1263.893518827161,10800.0,833.2289986111111,667.4907,5.684341886080802e-14,0.2825577000621706
2025-06-22,46064.417450087596,2415.659495176816,95.22971127625077,48575.30665654066,68093.31505573836,69308.67216755562,13.57612250000011,158.13044429969227,20340.46185773075,18633.685111974813,1,0,4573.10694683698,2175.4280499337488,2016.9065638420984,10430.872927971273,833.3333333333333,833.3333333333333,0.0,0.37267820024862885
2025-06-23,46754.894869410564,2573.2140928107283,21.28479658574199,49349.39375880703,69475.6925681803,70878.68232689048,3.035698008377949,274.03696232111383,20526.075868495307,16979.680805917553,1,0,2175.4280499337488,1782.5843250044757,1636.0951920987636,10480.657330682103,833.3333333333333,833.3333333333333,1.1368683772161603e-13,0.3223416998516768
2025-06-24,52026.785760595056,7426.490768059397,138.6439653446583,59591.92049399911,75097.67894527392,81386.84388397084,19.92440401590261,491.0408515485144,23485.22497358858,18838.28978715035,1,0,1782.5843250044757,1987.8537044004709,1763.3371302669455,10800.0,833.3333333333333,833.3333333333333,1.1368683772161603e-13,0.3153509001713246
2025-06-25,47990.535923496966,2824.553163049632,127.2191140525255,50942.308200599124,71635.22817683301,74211.77206248979,18.51388577692046,273.8144969124942,20234.07401632396,16715.023931636406,2,0,1987.8537044004709,1626.271506162696,1523.5173964096105,10755.925512694967,833.3333333333333,833.3333333333333,1.1368683772161603e-13,0.3326680001337081
2025-06-26,47084.97642545572,1549.159354622636,517.059217185604,49151.19499726396,71151.56318557425,72865.32986727917,73.87762088347836,1074.6301873743334,22144.658540971523,17827.465073516538,4,0,1626.271506162696,1748.1696669075775,1497.2749194354126,10800.0,833.3333333333333,833.3333333333333,0.0,0.3308441999834031
2025-06-27,17916.307215875233,-142.9840533360064,0.0,17773.323162539225,38022.56782501701,37135.1431081847,0.0,10432.316434098382,18217.998633917043,11286.817826497396,0,0,1748.1696669075775,5603.459741324699,1634.8866051791822,10800.0,833.3333333333333,641.4883333333332,0.0,0.27802999992854893
2025-06-28,15638.05246458778,762.0204891260611,0.0,16400.07295371384,32150.4672818935,32921.25767658198,0.0,8965.873621157258,16373.132140572212,14194.674201814156,0,0,5603.459741324699,4567.41844360174,1699.5242853301359,10800.0,833.3333333333333,628.0102833333333,0.0,0.24194590002298355
2025-06-29,45737.62858721385,5501.358440958715,53.74114300000056,51292.72817117256,66978.1275734452,71625.92249370756,7.777300000000082,1465.4270079691623,17589.58623199087,16689.08197958581,1,0,4567.41844360174,1854.6216306315243,1633.5180240265859,10800.0,833.3333333333333,833.3333333333333,0.0,0.3166478001512587
2025-06-30,48347.432344168454,1836.1583225432073,455.8704460228646,50639.46111273452,72558.98221770694,74105.75752311303,65.59393079978804,490.0373914027796,21203.16616013842,17399.53608096171,3,0,1854.6216306315243,1604.6533070208707,1604.6533070208707,10800.0,833.3333333333333,833.3333333333333,0.0,0.3411274002864957
2025-07-01,49526.267713126246,20574.16184472564,1057.4678283114376,71157.89738616333,68194.16664724218,82756.79754868551,372.9144513153623,422.26348669389756,21056.91031364577,17216.005833672127,6,0,1604.6533070208707,1426.9772185552529,1200.0,10800.0,833.3333333333333,833.3333333333333,0.0,0.40866209962405264
2025-07-02,52649.00052529613,7795.796246185806,975.4210699550865,61420.21784143702,71549.28851938146,76602.19625382555,114.18626765116267,287.25747041465183,18675.22504202904,15150.866357633646,4,0,1426.9772185552529,1400.3838034551197,1307.523675246423,10800.0,833.3333333333333,833.3333333333333,1.1368683772161603e-13,0.39607789972797036
2025-07-03,60302.17183806843,5756.829716656874,61.79272546659041,66120.7942801919,80164.18420120873,84257.6397931771,6.8903574338303315,326.54205284293994,20129.24142261877,15951.672258184099,1,0,1400.3838034551197,1792.620796940789,1385.4627613929954,10800.0,833.3333333333333,833.3333333333333,1.1368683772161603e-13,0.3657801002264023
2025-07-04,18385.77974235873,8336.817885523218,2973.555166415039,29696.152794296984,33984.92254756468,40124.041646864964,1160.7188346292078,10320.768779048483,13770.962910661745,11687.838674882722,25,0,1792.620796940789,1200.0,1200.0,10800.0,833.3333333333333,779.2083333333333,0.0,0.29220489994622767
2025-07-05,21441.922212280995,5865.752940840865,0.0,27307.67515312186,39815.65253425377,43845.82879230904,0.0,11254.249026203477,16255.69345013434,12454.193650695448,0,0,1200.0,1992.1311599037404,1200.0,10800.0,833.3333333333333,773.8133333333333,0.0,0.29024629993364215
2025-07-06,62905.519498801965,4809.668565127391,581.0595579521521,68296.2476218815,82391.11364008179,86104.83632841418,68.3881027052139,1568.638709525706,22371.12759746863,17560.523425874933,3,0,1992.1311599037404,2614.4533022089145,1785.7526928657967,10800.0,833.3333333333333,833.3333333333333,0.0,0.3311105000320822
2025-07-07,62627.19762834364,-1236.496528780475,61.55773686666492,61452.25883642983,83089.02369072716,78946.8911424689,7.304822222222015,1855.01569596799,18944.59719373544,15254.899691678962,1,0,2614.4533022089145,2714.7022302608534,1959.5632339630265,10800.0,833.3333333333333,833.3333333333333,0.0,0.27079689991660416
2025-07-08,63980.23953194721,-900.072955060448,0.0,63080.16657688677,84685.705246013,79276.3788749828,0.0,328.9942846730379,18964.704049817654,15588.706476174557,0,0,2714.7022302608534,2462.150901569457,1622.0573463861483,10701.043039755916,833.3333333333333,806.8412440452934,0.0,0.3132954998873174
2025-07-09,63699.55229887081,-2055.810074698951,109.65307111110972,61753.39529528297,84834.95114893271,79515.31022952005,12.592222222222063,1213.071296133175,20526.18815618447,16270.082017242035,1,0,2462.150901569457,2857.851334088769,1923.4007411271473,10800.0,833.3333333333333,833.3333333333333,0.0,0.3043319003190845
2025-07-10,60884.78656963816,-1204.8875773143227,241.6394109790019,59921.538403302846,80423.16232189225,77100.68831830913,28.586291509186026,461.37866741952314,19759.23641288949,15944.963853824029,3,0,2857.851334088769,2924.5376014403887,1861.2327081268484,10680.764209065082,833.3333333333333,833.3333333333333,1.1368683772161603e-13,0.31901839980855584
2025-07-11,24827.65961703271,302.8643420685421,0.0,25130.52395910125,42718.02714746922,42507.31514692679,0.0,7850.042798112927,14250.902680058656,12112.407481244787,0,0,2924.5376014403887,2292.1194787767495,1481.1511953526751,10800.0,833.3333333333333,740.9250666666666,0.0,0.26033319998532534
2025-07-12,26168.31198935407,664.4675115620353,0.0,26832.779500916105,45310.530834991696,45797.42953220455,0.0,11275.957402373875,15391.343770745643,11954.114974248296,0,0,2292.1194787767495,2861.978901060833,1812.835026350956,10800.0,833.3333333333333,761.8116666666666,0.0,0.2637889999896288
2025-07-13,60374.57771512444,-3286.8759728187224,220.47081226555844,57308.172554571276,81718.99970938498,72275.01479671826,26.473687222222566,331.87062237452915,19397.579611859583,16695.68215029362,2,0,2861.978901060833,1769.042606963769,1489.8705669026585,10792.129720535619,833.3333333333333,833.3333333333333,0.0,0.3246280001476407
2025-07-14,57298.066333253955,724.4159830902289,22.458783383596188,58044.94109972778,78057.990999606,77022.86876590589,2.6542319191155457,1041.1418917303295,20723.698020463744,16546.996131035725,1,0,1769.042606963769,2034.8195686747808,1769.042606963769,10800.0,833.3333333333333,833.3333333333333,0.0,0.33033249992877245
2025-07-15,57799.28768128655,-209.73770904720422,0.0,57589.54997223934,78104.729574341,77110.10924779545,0.0,242.42656964035586,21254.156021305942,17135.52392648418,0,0,2034.8195686747808,2124.088958423264,1868.529918423265,10800.0,833.3333333333333,808.9516666666666,1.1368683772161603e-13,0.31946039968170226
2025-07-16,56512.8329870639,2267.4113202876474,323.1808325244376,59103.42513987598,74492.75416739144,76486.47644513019,38.592810767931724,776.4598545214056,19601.929360276066,15987.883342232686,2,0,2124.088958423264,2001.510557968739,1866.2551969216831,10800.0,833.3333333333333,833.3333333333333,1.1368683772161603e-13,0.32026929990388453
2025-07-17,54695.827705612974,4529.851271015138,306.05143418307046,59531.730410811186,73332.10138443169,77492.29256648911,35.81224364416926,901.5300439872559,21567.144293182435,17660.98559370307,1,0,2001.510557968739,1788.6230954961875,1563.6920954961874,10800.0,833.3333333333333,833.3333333333333,0.0,0.3383324001915753
2025-07-18,24197.241813506647,-312.6382445900118,0.0,23884.603568916635,42387.87058145901,41555.84769030423,0.0,7155.634598988589,14337.789556300253,11211.82456498461,0,0,1788.6230954961875,2235.05084618351,1788.6230954961875,10800.0,833.1877777777779,742.04435,0.0,0.23592930007725954
2025-07-19,23731.41454616374,47.791417205578625,0.0,23779.20596336932,41636.937877080425,41403.42277183816,0.0,11853.027570353985,15758.546222228171,13390.970070743993,0,0,2235.05084618351,1538.8868120288716,1477.5653130782161,10800.0,833.3333333333333,811.3433333333334,5.684341886080802e-14,0.29728579986840487
2025-07-20,56671.82932603467,-172.05030929939358,0.0,56499.77901673527,77575.58737580941,76550.10505984971,0.0,429.11987201521856,19962.606961300255,15931.599990132432,0,0,1538.8868120288716,1803.4553103852986,1538.8868120288716,10800.0,833.3333333333333,832.426788888889,1.1368683772161603e-13,0.3274167999625206
2025-07-21,57602.38248427561,3503.048004377848,99.13364251265804,61204.56413116611,76815.94260696118,79756.51395506276,11.668959156336655,1813.0160959206582,20334.728948728392,16369.311480429951,1,0,1803.4553103852986,1916.5874970964674,1699.936112775479,10800.0,833.3333333333333,833.3333333333333,0.0,0.3675731001421809
2025-07-22,55129.91967746288,5583.072674880273,242.7352738652623,60955.72762620841,74414.23622164273,78727.95071763951,28.582310728909306,1242.980521730027,20391.25857627263,16672.8506863009,1,0,1916.5874970964674,1743.3305642963887,1375.0807143827155,10775.245035534675,833.3333333333333,833.3333333333333,0.0,0.352779800305143
2025-07-23,58795.484976862,191.98218350035708,0.0,58987.46716036236,79713.730327947,78234.3313003516,0.0,34.22280472222235,21265.268808569446,17281.707429606733,0,0,1743.3305642963887,1680.1753480014036,1490.2821115018414,10535.208898703935,833.3333333333333,825.428188028398,1.1368683772161603e-13,0.3213407997973263
2025-07-24,59118.5904311905,494.1897061176129,0.0,59612.78013730812,79515.69708530407,78235.6581580866,0.0,118.03376916666662,20374.6618147556,15873.509425835658,0,0,1680.1753480014036,2380.138285908496,1645.3676000384407,10508.892099661318,833.3333333333333,802.6826376524575,1.1368683772161603e-13,0.3026521001011133
2025-07-25,23125.120993121636,-184.6511563252112,0.0,22940.469836796427,40784.75127405324,40430.6760502126,0.0,11340.118360865084,15321.097819893605,12735.859697212763,0,0,2380.138285908496,2018.1711046874511,1589.5599890701671,10800.0,833.3333333333333,714.62075,0.0,0.26505870022810996
2025-07-26,22800.813322028902,658.5352792710125,0.0,23459.348601299913,41024.38819620405,41526.856020393876,0.0,9844.550706837288,18578.057905150843,15364.844158260916,0,0,2018.1711046874511,1666.3741545888558,1541.3762055003128,10800.0,833.3333333333333,775.2533333333333,0.0,0.2281177002005279
2025-07-27,56218.374351418606,2544.1415512667263,27.028722187111104,58789.54462487245,76703.58170864853,78284.59298217505,3.269273926472465,636.0258202792413,21280.867857589037,17314.22122176675,1,0,1666.3741545888558,1581.1316466781545,1528.3172876519125,10800.0,833.3333333333333,833.3333333333333,0.0,0.30704089999198914
2025-07-28,57023.20733524654,6778.941364053493,31.304646610810863,63833.45334591084,77503.63120320207,83296.52002821324,3.8258046575998605,1200.0199255080897,22912.972529667015,18767.523855637584,1,0,1581.1316466781545,1350.002639336704,1350.002639336704,10800.0,833.3333333333333,833.3333333333333,1.1368683772161603e-13,0.34328359994105995
2025-07-29,56312.42077459259,6718.492630897003,550.8020919230827,63581.715497412675,76496.57672905052,82839.67589609772,63.25472085102683,2557.2603831258975,21768.332863128842,17491.908579305993,3,0,1350.002639336704,1506.0482391460066,1267.3533770543759,10800.0,833.3333333333333,833.3333333333333,1.1368683772161603e-13,0.2558691001031548
2025-07-30,55412.116016526306,6262.32730100269,0.0,61674.443317528996,74015.6623509766,79587.8651499688,0.0,1029.753579734609,20785.165980963342,16330.308460729168,0,0,1506.0482391460066,2067.910443425051,1506.0482391460066,10800.0,833.3333333333333,819.9720804192922,1.1368683772161603e-13,0.30574199999682605
2025-07-31,55754.14966038875,3669.65597067633,357.27356448188914,59781.07919554697,75888.34762872141,79236.234130566,43.11258822222226,717.2503211938497,21913.65787847155,18046.55774754385,2,0,2067.910443425051,1738.4717034451644,1423.827101840227,10800.0,833.3333333333333,833.3333333333333,1.1368683772161603e-13,0.326252699829638
2025-08-01,23423.746358086973,35.257255369998774,0.0,23459.00361345697,41404.832875311324,40826.59221804493,0.0,15911.527727514163,16260.397138987148,12596.692315123051,0,0,1738.4717034451644,2376.5043339524314,1505.4827833246902,10800.0,833.3333333333333,725.0833333333333,0.0,0.24078300036489964
2025-08-02,22409.410205499706,-207.05929926585097,0.0,22202.350906233856,40184.214946159474,39702.90556030386,0.0,16390.23217673871,15807.158519309516,13421.510069077696,0,0,2376.5043339524314,1690.15803568911,1517.2281564915788,10800.0,833.3333333333333,816.2366666666667,5.684341886080802e-14,0.24459780007600784
2025-08-03,51567.26769321748,-491.44406266334096,981.6097485569727,52057.433379111106,70905.52529830404,67947.89390947417,185.64372903324372,2048.5860464294747,19403.230741393665,16157.759132649067,8,0,1690.15803568911,1200.0,1200.0,10800.0,833.3333333333333,833.3333333333333,1.1368683772161603e-13,0.2880773001816124
2025-08-04,52174.91879186482,1537.0107918906,0.0,53711.92958375542,70520.33742916764,70411.14753544348,0.0,702.1956786828317,18903.945154076544,14610.648380649222,0,0,1200.0,1979.4968823919771,1200.0,10800.0,833.3333333333333,799.3474246214394,1.1368683772161603e-13,0.3060286003164947
2025-08-05,50408.544823251344,2616.6522345282165,95.00997451111155,53120.20703229067,67553.3130715635,70609.99584883847,11.67485555555561,2166.8651873572167,18584.2334255291,15281.737641825623,1,0,1979.4968823919771,1725.5984744508119,1714.9739744508117,10800.0,833.3333333333333,833.3333333333333,1.1368683772161603e-13,0.3425445999018848
2025-08-06,52671.42627738317,2657.981598397818,0.0,55329.40787578099,69747.015785671,72141.83467669078,0.0,240.4092896258934,19049.974793432397,15262.948673034163,0,0,1725.5984744508119,1911.7439296131133,1708.933497240057,10693.015275417436,833.3333333333333,810.4742238630208,1.1368683772161603e-13,0.31378549989312887
2025-08-07,51214.78001423901,1303.5560803889005,762.961005414134,53281.29710004205,71108.66945184206,68331.62020854338,148.17467771251393,1276.4029625541118,19659.84461075213,15844.437937050343,4,0,1911.7439296131133,2000.6730381229843,1200.0,10800.0,833.3333333333333,833.3333333333333,2.2737367544323206e-13,0.3276903002988547
2025-08-08,21741.42748090231,179.11283002004058,0.0,21920.54031092235,39317.88057335303,39488.94728071443,0.0,20528.34921143562,15312.447771494022,12127.020952215214,0,0,2000.6730381229843,2307.408307784035,1625.7456774691361,10800.0,833.3333333333333,720.2655166666666,0.0,0.28651850018650293
2025-08-09,21525.00943493307,275.85808128813113,0.0,21800.8675162212,38832.020612334556,38967.23901920066,0.0,17739.653582188654,16393.565606155775,14087.909169143772,0,0,2307.408307784035,1408.3849431644853,1408.3849431644853,10800.0,833.3333333333333,764.66,5.684341886080802e-14,0.272374999942258
2025-08-10,49818.46960494624,3986.7484250246025,529.4109176997976,54334.628947670644,65921.55549645821,69874.79965794791,61.0891057695369,737.5319115245044,18678.230851255095,14784.493049062152,2,0,1408.3849431644853,1791.5782103361234,1408.3849431644853,10800.0,833.3333333333333,833.3333333333333,0.0,0.3028502999804914
2025-08-11,47848.51689829457,5082.344336470405,62.97867494563097,52993.83990971061,65718.10210200283,70995.08648592202,7.2284505126757495,2492.392584312307,20775.94676002722,16827.27774123817,2,0,1791.5782103361234,1792.9550263182118,1428.1885359259259,10800.0,833.3333333333333,833.3333333333333,1.1368683772161603e-13,0.31187750003300607
2025-08-12,50408.933806758636,4835.851686539475,2.1685194148692934,55246.95401271298,67829.25092339897,71902.61488709909,0.259640734538948,491.395901985186,18518.312946501792,14867.37797065335,1,0,1792.9550263182118,1940.1278218883288,1559.9380068261823,10800.0,833.3333333333333,833.3333333333333,1.1368683772161603e-13,0.3407449999358505
2025-08-13,49252.773127633685,4616.750231597862,0.0,53869.52335923155,66054.92095350148,71009.88064866497,0.0,1003.6508062081326,18161.407047313718,14276.15665485688,0,0,1940.1278218883288,2422.9978812963623,1743.750283116751,10800.0,833.3333333333333,790.8344020971914,0.0,0.3361331997439265
2025-08-14,50209.807632365875,4661.660231974674,188.11002434931842,55059.57788868987,67496.32703414466,72107.3663585992,21.641742331951036,2925.6200877086308,19448.04426191143,16170.94723202224,1,0,2422.9978812963623,1958.5185703252778,1531.182929707994,10800.0,833.3333333333333,833.3333333333333,0.0,0.3307921001687646
2025-08-15,22215.901932681685,507.8364931916708,0.0,22723.738425873355,39165.60570263814,39342.67483381385,0.0,19496.04625238848,14016.164769257497,11329.263071165462,0,0,1958.5185703252778,1984.9967835842824,1549.3444838888884,10800.0,823.7203,707.0260333333333,0.0,0.24730899999849498
2025-08-16,22277.996122774206,190.78788605154747,0.0,22468.784008825754,39993.74441738479,39766.18463158029,0.0,20020.989050992546,16766.401623971236,13950.48641005016,0,0,1984.9967835842824,1574.2177895471084,1369.1197809983746,10800.0,833.3333333333333,731.895,5.684341886080802e-14,0.25446239951997995
2025-08-17,50687.281758077064,720.2131361828295,114.03930692638806,51521.53420118628,68990.85864476896,69680.38000621053,13.555935444444344,2998.1580929497313,19841.84009538909,16311.455863350508,1,0,1574.2177895471084,1308.0340272300523,1308.0340272300523,10800.0,833.3333333333333,833.3333333333333,0.0,0.317856399808079
2025-08-18,50616.43400135983,2019.9198110909224,327.78133908094594,52964.13515153169,67280.86710801654,69504.03285207733,39.19422923364175,552.3877914994466,20533.899165601826,15937.175492456969,1,0,1308.0340272300523,2080.570506875067,1308.0340272300523,10800.0,833.3333333333333,833.3333333333333,1.1368683772161603e-13,0.3125410999637097
2025-08-19,49988.19929373518,2851.2780280010734,729.5195548297204,53568.99687656597,66194.79449855245,69417.35452322329,86.37966861983284,2075.2387114826315,17969.491246984544,14858.65581662405,3,0,2080.570506875067,1743.4950551344314,1560.5564469115627,10800.0,833.3333333333333,833.3333333333333,1.1368683772161603e-13,0.2952923998236656
2025-08-20,51804.89084892844,6223.579653474686,0.0,58028.47050240312,69531.57329965994,75697.57521073805,0.0,799.0822945427566,21176.276137868896,16928.474288340258,0,0,1743.4950551344314,1992.727703282827,1634.039851122086,10800.0,833.3333333333333,821.1515110185738,0.0,0.338685899740085
2025-08-21,50983.15850615147,1056.8677804884826,0.0,52040.02628663995,69067.36489987161,70049.83858602974,0.0,749.825890959538,18533.452447367203,15077.858235630323,0,0,1992.727703282827,1919.659088546281,1618.6889423490504,10800.0,833.3333333333333,817.0059081129896,0.0,0.3193759999703616
2025-08-22,22481.32152947891,684.207761866484,0.0,23165.529291345396,39726.40329380678,40186.17774609098,0.0,16200.205525533183,14639.951145799472,11884.548325241678,0,0,1919.659088546281,1890.5614250528283,1373.7696347988951,10800.0,833.3333333333333,751.1733333333333,5.684341886080802e-14,0.26287909992970526
2025-08-23,22371.929622489264,522.6052578471712,0.0,22894.534880336436,41082.15050401281,41443.220528442085,0.0,14986.433627924464,15909.957909172857,11983.177158655235,0,0,1890.5614250528283,2894.882255913694,1599.4714068518526,10800.0,833.3333333333333,736.28,0.0,0.24631599965505302
2025-08-24,50971.5038523027,809.1704908457045,0.0,51780.67434314841,67697.46961757261,67475.3488162701,0.0,1145.7328866665011,18704.260401177347,16108.233954907086,0,0,2894.882255913694,1830.6788892987659,1683.2355556256682,10800.0,833.3333333333333,812.3846015581332,0.0,0.27973480010405183
2025-08-25,56378.85978721367,-544.4146258041906,0.0,55834.44516140948,77259.73397845033,75353.16530469555,0.0,705.437550444448,20370.680569533906,16496.039831949467,0,0,1830.6788892987659,1835.3582552687662,1804.353418165234,10800.0,833.3333333333333,809.4566833333333,1.1368683772161603e-13,0.3515344001352787
2025-08-26,50986.0945571462,1560.3855043740177,0.0,52546.48006152022,68616.91808141157,69878.11364963758,0.0,510.49048077670193,18882.611603692705,15043.806818165154,0,0,1835.3582552687662,2114.3677895198102,1804.985162230921,10800.0,833.3333333333333,823.2311908172851,1.1368683772161603e-13,0.27442430006340146
2025-08-27,51045.78817354744,4174.732521562077,21.828613333333095,55242.34930844285,69539.70827841366,73498.39310044484,2.6988888888888596,2184.17507565918,20304.53726381022,16901.769216802342,1,0,2114.3677895198102,1608.7077527241886,1568.2811366748065,10800.0,833.3333333333333,833.3333333333333,1.1368683772161603e-13,0.3542451998218894
2025-08-28,51101.33548959301,7841.247088916559,0.0,58942.582578509566,69947.83075552766,77600.49125082415,0.0,2857.7897009211206,19704.616880342168,15729.710313772464,0,0,1608.7077527241886,1865.4070408405155,1558.314518459237,10800.0,833.3333333333333,827.7501688894322,1.1368683772161603e-13,0.3358348999172449
2025-08-29,23272.208103801233,-261.1083891785058,0.0,23011.099714622727,41636.68396092548,41187.82866220496,0.0,15481.55264203275,16091.26213976944,12940.206469597226,0,0,1865.4070408405155,1969.5357781916478,1632.365295134037,10800.0,824.9145975555555,729.1532333333332,0.0,0.2591693999711424
2025-08-30,22839.738770465512,-131.39955264019807,0.0,22708.339217825313,40920.62352260257,40658.551267311304,0.0,19616.257363238055,16252.255397445573,13722.68132670566,0,0,1969.5357781916478,1349.141939553047,1283.91013569483,10800.0,833.3333333333333,738.64,0.0,0.295534799573943
2025-08-31,50851.50045973173,1328.3764060289511,153.38727734971144,52333.2641431104,69882.1198708932,71695.64349944853,18.448470476451803,601.6549349081824,21521.550259506483,17055.73630782301,2,0,1349.141939553047,1767.7190533055318,1349.141939553047,10800.0,833.3333333333333,833.3333333333333,0.0,0.34434550045989454
2025-09-01,47235.27459355357,-2672.846288139065,0.0,44562.428305414505,72961.74998153304,65653.74404496604,0.0,5365.2834119372055,20174.679839492015,13460.353739796505,0,0,1767.7190533055318,4968.982309074453,1767.7190533055318,10800.0,833.3333333333333,797.4020387703631,1.1368683772161603e-13,0.3621724999975413
2025-09-02,40390.607202751395,-1050.2370845197852,0.0,39340.37011823161,60465.76513033311,58448.21375873036,0.0,2088.2813117402425,17992.787914853205,15690.611317863088,0,0,4968.982309074453,3728.4788570389046,2237.586802469135,10800.0,833.3333333333333,806.1645992161866,1.1368683772161603e-13,0.3312622003722936
2025-09-03,39023.75980532232,87.55695667020237,0.0,39111.31676199252,58304.8902293134,58007.28881509643,0.0,221.75857689986492,18608.497806584764,16370.6848183882,0,0,3728.4788570389046,2286.477084756089,1826.4929465462126,10800.0,833.3333333333333,819.5337066883232,1.1368683772161603e-13,0.2797681998927146
2025-09-04,36591.4457492018,2475.4999856551694,241.8334736000008,39308.779208456974,56662.005535365795,58515.30471550593,34.93371666666678,905.3941516222923,20891.65169790108,17172.37296735077,2,0,2286.477084756089,2008.5492046995337,1616.8458853389177,10800.0,833.3333333333333,833.3333333333333,1.1368683772161603e-13,0.28294870001263916
2025-09-05,20934.114648295494,-1395.5350884510017,0.0,19538.579559844493,44168.434854164705,41085.63735059327,0.0,25083.87849081405,19719.838732527172,10542.341539414614,0,0,2008.5492046995337,8042.691242402196,2008.5492046995337,10800.0,833.3333333333333,588.7583333333333,0.0,0.2804153999313712
2025-09-06,17949.556326949074,-716.8360627553797,0.0,17232.720264193693,38617.81905889358,37100.98328123336,0.0,23195.0638703119,20233.190328509336,14048.354617587871,0,0,8042.691242402196,10643.27962962963,2429.340170042485,10800.0,833.3333333333333,588.4176,5.684341886080802e-14,0.2659328000154346
2025-09-07,31950.164063377248,4331.134622313379,26.965144715031784,36308.26383040566,46784.11256563087,50994.01001634842,3.99927989841035,1065.1201105443301,13996.148660475556,19024.243091439726,1,0,10643.27962962963,2101.7655446801587,1640.7015691863317,10800.0,833.3333333333333,833.3333333333333,1.1368683772161603e-13,0.27308450010605156
2025-09-08,36525.910311997184,8283.72810199943,0.0,44809.63841399661,55994.243609254074,64240.997614926055,0.0,1135.1068811003502,20377.059557720808,16666.738357228438,0,0,2101.7655446801587,1922.520971930618,1677.0198580582826,10800.0,833.3333333333333,813.2083333333333,1.1368683772161603e-13,0.28542820014990866
2025-09-09,36200.63636214768,4418.049751398649,58.183855404203754,40676.86996895053,55843.862264203795,59191.387832325825,8.513257064043273,2701.014075880858,18682.07132715733,15286.018580314993,1,0,1922.520971930618,1751.9200771333374,1235.8653114278873,10800.0,833.3333333333333,833.3333333333333,0.0,0.289230199996382
2025-09-10,37833.00758547048,7665.679968936891,14.627060129708376,45513.31461453708,57875.62965455805,64896.2653565787,2.184773731099085,30.91405555555548,19726.984900593765,16175.447475839526,1,0,1751.9200771333374,1533.4870700682586,1434.6670464141384,10260.13707379393,833.3333333333333,833.3333333333333,0.0,0.2569046998396516
2025-09-11,38672.03720388198,1454.6715706032178,40.549625833333664,40167.25840031853,60489.28358864736,60732.359594775204,6.071666666666715,2085.9176692988117,21621.26707890074,16464.839270091004,1,0,1533.4870700682586,2698.361585422255,1294.871140051884,10800.0,833.3333333333333,833.3333333333333,1.1368683772161603e-13,0.32423339947126806
2025-09-12,17950.70635757977,-173.3745214847597,0.0,17777.33183609501,40471.98045963729,40142.784334618096,0.0,18812.765540976667,22149.018759696504,12370.65616605508,0,0,2698.361585422255,8887.304951310132,1970.6232103407408,10800.0,833.3333333333333,583.2223166666666,0.0,0.2696809000335634
2025-09-13,14017.172546726295,1153.5791690124724,0.0,15170.751715738767,31839.578020557088,32736.8145207335,0.0,21276.474214652062,19848.51661975149,16395.277797003386,0,0,8887.304951310132,8533.994579082713,1709.1507740827128,10800.0,833.3333333333333,571.3068333333333,0.0,0.2535530000459403
2025-09-14,37098.53097290562,2838.7213641431454,0.0,39937.25233704876,54288.50882005335,57001.43507951958,0.0,827.5487804323195,12981.026193886419,16906.464644799154,0,0,8533.994579082713,1431.9574371369933,1382.895303680204,10800.0,833.3333333333333,831.9316666666666,0.0,0.27851099986582994
2025-09-15,39387.17796312136,1942.8680442739717,7.876615533333644,41337.922622928665,60023.305099564954,61634.993279767776,1.1717666666667128,2265.9976337669186,20809.40622915828,16506.26944982408,1,0,1431.9574371369933,1820.1236546860134,1431.9574371369933,10800.0,833.3333333333333,833.3333333333333,0.0,0.33327219961211085
2025-09-16,41524.762829873085,2487.4878483678895,66.78206036288604,44079.03273860386,63348.45846002686,64595.708161840535,9.91366157853895,1833.495321605838,19044.683281803853,15764.326763323947,2,0,1820.1236546860134,1444.4199823939823,1444.4199823939823,10800.0,833.3333333333333,833.3333333333333,1.1368683772161603e-13,0.3307737000286579
2025-09-17,41506.583425198754,2036.5839084826398,0.0,43543.16733368139,63402.29173329307,65108.49598262884,0.0,1165.4281712445127,19779.581589144538,15796.632177760202,0,0,1444.4199823939823,1694.2298817793946,1444.4199823939823,10800.0,833.3333333333333,832.741101111111,0.0,0.24087389977648854
2025-09-18,39701.18912009512,4265.409661481492,82.12293973809008,44048.7217213147,61530.23855843452,66531.57557321148,12.277311965628655,3071.7491582680286,21517.407976574556,17001.355366332144,1,0,1694.2298817793946,2169.5022092163335,1233.3092632286791,10800.0,833.3333333333333,833.3333333333333,1.1368683772161603e-13,0.30528709990903735
2025-09-19,17508.23409418018,1437.0004408298105,0.0,18945.234535009993,40485.76131720054,42009.64761784,0.0,14490.925625719125,23430.428501017606,12013.058825563403,0,0,2169.5022092163335,9909.044720617285,1687.193260327445,10800.0,833.3333333333333,545.1881666666666,5.684341886080802e-14,0.2737473000306636
2025-09-20,14392.722763857775,1350.3197708458474,0.0,15743.042534703622,32293.123581109056,33699.32385072118,0.0,15310.067173237425,19359.84894090202,16616.025996751596,0,0,9909.044720617285,8870.65765992733,1523.0741685082364,10800.0,833.3333333333333,572.0883333333334,0.0,0.2969506997615099
2025-09-21,39523.50575466266,6295.184475703428,58.02559500000035,45876.71582536609,57806.19387466986,62594.618682599874,8.44500000000005,7930.958289058241,10650.029652225974,14265.411742017668,1,0,8870.65765992733,2605.2268557999587,1793.0555719727986,10800.0,833.3333333333333,833.3333333333333,0.0,0.31777269998565316
2025-09-22,43404.33582137853,4446.293732868139,0.0,47850.62955424667,65239.1682479463,67605.15856267799,0.0,4193.435185643411,17201.09750996693,14403.394016265687,0,0,2605.2268557999587,2082.443485586097,1883.440032067578,10800.0,833.3333333333333,829.0572888888887,0.0,0.3001759999897331
2025-09-23,42521.42722615445,5060.506090069532,27.877467009868006,47609.81078323384,64721.53558600552,68278.58768087569,4.075067839545113,3169.9618395840203,18114.96983580622,15118.884510008342,2,0,2082.443485586097,1587.1557711357614,1306.3524321249974,10800.0,833.3333333333333,833.3333333333333,1.1368683772161603e-13,0.3137383998837322
2025-09-24,41744.60822134823,5671.61329762614,0.0,47416.22151897437,63448.903390802705,68354.19960505966,0.0,3012.82076286205,18924.704841680577,14646.551099482951,0,0,1587.1557711357614,2345.444462556112,1587.1557711357614,10800.0,833.3333333333333,812.9864999999998,0.0,0.3221712000668049
2025-09-25,42735.872423113855,113.24152709288566,217.35929008333375,43066.47324029007,65687.97075823974,65030.33330653749,31.88636666666673,472.5390015480724,22170.803638669913,17916.57186701383,2,0,2345.444462556112,2391.865662899223,1242.5153993232052,10800.0,833.3333333333333,833.3333333333333,0.0,0.266007199883461
2025-09-26,17829.358931308532,-252.57523987537272,0.0,17576.78369143316,42484.67075640141,41755.66347645121,0.0,12092.534001356162,25358.669615802137,13389.78364070709,0,0,2391.865662899223,10337.13093855772,1685.7856473708125,10800.0,833.3333333333333,562.1766666666666,5.684341886080802e-14,0.2684782005380839
2025-09-27,14679.188017106717,636.1820126356923,0.0,15315.37002974241,32005.707432832492,32558.01280142921,0.0,12886.353272010967,19812.421560393854,17942.06428097561,0,0,10337.13093855772,8232.683364050396,1287.6070148098722,10800.0,833.3333333333333,555.8651,0.0,0.28155299997888505
2025-09-28,41217.98876289002,1190.3950896162225,40.07191416666671,42448.4557666729,59691.216980730576,60800.659710139,5.868333333333339,416.9238837161846,13440.24793541821,16538.272942328724,1,0,8232.683364050396,1953.0476811170902,1900.9944438277992,10514.52475551543,833.3333333333333,833.3333333333333,0.0,0.3588371002115309
2025-09-29,44698.21692047609,833.3400135743425,142.85538336666704,45674.412317417096,68094.29808160436,66495.05242179314,26.015016666666725,75.60671471795183,20651.143801908547,16965.574678166697,2,0,1953.0476811170902,1688.438571538454,1464.5203349293477,10412.917515562345,833.3333333333333,833.3333333333333,0.0,0.28824980021454394
2025-09-30,44043.89865640951,4881.60306832216,209.13543670000087,49134.637161431674,67785.85452858225,72141.50431416287,31.411150000000134,1452.7425867316344,24075.9168423038,18777.91873153923,1,0,1688.438571538454,2492.4095834571644,1680.43936783475,10800.0,833.3333333333333,833.3333333333333,1.1368683772161603e-13,0.33153509977273643
2025-10-01,42506.52779888363,1411.8857639145008,0.0,43918.41356279813,68711.07180922668,67688.93940138468,0.0,10415.407744905748,20467.000415266702,12854.9902921211,0,0,2492.4095834571644,6629.387410395976,2492.4095834571644,10800.0,833.3333333333333,809.797222222222,0.0,0.3110939001198858
2025-10-02,40649.36810595188,-1641.2670445097879,0.0,39008.10106144209,65037.17855201003,59269.46392272775,0.0,3092.898324960298,19401.631908363408,14955.84942726262,0,0,6629.387410395976,7473.245653186806,2348.468153624902,10800.0,833.3333333333333,817.8149999999999,1.1368683772161603e-13,0.2780388998799026
2025-10-03,14805.168487217416,-192.53485865873012,0.0,14612.633628558686,36887.98421716424,36339.75069998021,0.0,21114.17018050978,23233.41003862403,15824.983219153592,0,0,7473.245653186806,10800.0,1947.3515935851885,10800.0,833.3333333333333,498.67564999999996,0.0,0.24471980007365346
2025-10-04,13408.208905526717,-10.249212860761816,0.0,13397.959692665956,31928.74668412788,31888.38153682433,0.0,15016.332468707978,20966.862405290718,17190.795770507702,0,0,10800.0,10569.291975308643,1271.0214582197582,10800.0,833.3333333333333,501.82,5.684341886080802e-14,0.2403334998525679
2025-10-05,34392.695564584865,379.97011733163146,0.0,34772.66568191649,52278.272117848486,50611.55078933377,0.0,297.34947913693804,12524.631110305056,16946.390866774887,0,0,10569.291975308643,3012.136789277752,2172.1771766851602,10800.0,833.3333333333333,814.7683999999999,0.0,0.2710817998740822
2025-10-06,36381.208709675135,4349.366804199888,5092.712756980701,45823.28827085572,58278.25790744342,62312.227160664464,963.9898275799994,584.9699595406853,22252.11552400555,17293.977745301763,7,0,3012.136789277752,3823.509932769677,1200.0,10624.345248395317,833.3333333333333,800.0201833333333,0.0,0.2720661002676934
2025-10-07,35351.97808534278,3209.299052397121,4649.089251275784,43210.36638901569,56426.61412619209,59558.09719515577,854.9639922066642,87.46718147408501,20840.72663398346,18286.695628095105,6,0,3823.509932769677,2261.613205471345,1200.0,10760.300252318091,833.3333333333333,810.2468,0.0,0.28257509996183217
2025-10-08,36770.701156485826,2046.885090434547,187.30575283964606,39004.89199976002,58778.58643289369,61051.81713027947,36.842845228892884,224.4047454889882,22128.68843929615,17742.928875943435,2,0,2261.613205471345,2463.067383122956,1200.0,10800.0,833.3333333333333,803.9007555555554,0.0,0.2788290998432785
2025-10-09,39213.08874433243,995.9412126924033,0.0,40209.02995702483,63503.77292403512,62785.81933324733,0.0,1164.8944428379518,22290.80421470755,16429.8610076315,0,0,2463.067383122956,4269.390056769202,1503.5786811479434,10800.0,833.3333333333333,804.0082833333333,0.0,0.2723320999648422
2025-10-10,14624.067119912528,1585.2617476024268,0.0,16209.328867514954,37390.6627951347,38805.78441431189,0.0,19801.646272462043,22282.42629546416,12621.899070280975,0,0,4269.390056769202,10299.241422374751,2142.19851666868,10800.0,833.3333333333333,472.15318333333335,0.0,0.23265270004048944
2025-10-11,11616.171997235124,1649.0490057537595,0.0,13265.221002988883,29488.288292285848,31050.428301573043,0.0,15094.69237012423,19417.10452468696,17567.682176571485,0,0,10299.241422374751,8254.988631735816,1271.8533890142057,10800.0,833.3333333333333,496.5483333333333,0.0,0.22216869983822107
2025-10-12,34019.99885671047,5188.110036509059,64.17949811091846,39272.28839133045,52129.68369237152,57434.94294360335,12.778396836419802,2380.601961799858,14176.237521514286,17624.074126207703,1,0,8254.988631735816,1431.2978164234478,1307.0550455592502,10800.0,833.3333333333333,833.3333333333333,0.0,0.29801839985884726
2025-10-13,39548.80747234874,4634.651368767371,0.0,44183.45884111611,63142.62396502705,67051.77574469411,0.0,3602.6368791000323,22289.803066996188,15868.05950140211,0,0,1431.2978164234478,3860.943352939898,1431.2978164234478,10800.0,833.3333333333333,797.8655555555554,0.0,0.2745817000977695
2025-10-14,39362.6576342318,6163.236303563292,0.0,45525.89393779509,62450.28891334722,67378.31778329199,0.0,2167.717693436115,20328.74361533166,15891.97280880911,0,0,3860.943352939898,4499.065041394942,1749.1837349751902,10800.0,833.3333333333333,790.1196344467592,0.0,0.28739430010318756
2025-10-15,41045.93919812412,6186.114499656014,0.0,47232.05369778014,65066.942932982085,69119.86675852444,0.0,2815.2215742553303,20867.727418982082,16483.105884712968,0,0,4499.065041394942,4965.457624353292,1749.9874649625513,10800.0,833.3333333333333,785.1266666666667,0.0,0.3072979999706149
2025-10-16,41006.465842349906,10428.474508045621,0.0,51434.940350395525,63983.278191773876,71275.23280857783,0.0,5976.981127841407,17310.652969664345,14978.874238927929,0,0,4965.457624353292,3901.851698242397,1612.8000625710397,10800.0,833.3333333333333,795.1683333333333,0.0,0.30848019989207387
2025-10-17,15452.315608526053,1723.1674403445506,0.0,17175.483048870603,38853.57641348314,40509.19608315449,0.0,14624.119287576383,23464.6113229331,13583.733844021655,0,0,3901.851698242397,9926.964284413678,1563.1127651410281,10800.0,833.3333333333333,489.10518333333334,0.0,0.26283140014857054
2025-10-18,13052.884870076981,-87.24584439698585,0.0,12965.639025679995,32125.927254990405,31952.13075220756,0.0,12669.214702382713,21290.71405650617,18084.39127334799,0,0,9926.964284413678,8994.838853771467,1635.343877866667,10800.0,833.3333333333333,481.76666666666665,5.684341886080802e-14,0.2661492002662271
2025-10-19,40645.20269610164,1885.941695218159,0.0,42531.144391319795,61056.24393146089,61790.42141294485,0.0,185.81063262122075,15280.766534934457,17561.87828794416,0,0,8994.838853771467,3234.3306374967456,1425.451584910325,10671.822043701235,833.3333333333333,825.5608333333333,0.0,0.22898829984478652
2025-10-20,44181.39747773214,223.70981502304917,3934.2681727228087,48339.375465478006,68530.64419042051,68328.94426658994,738.4432553136025,1011.4196198165154,20747.719670568018,17132.53413514766,6,0,3234.3306374967456,2871.129301955015,1200.0,10800.0,833.3333333333333,819.6775666666667,0.0,0.30631670029833913
2025-10-21,45416.869203904025,3429.8170798246156,1390.9716291001387,50237.65791282878,70262.18736980717,73467.11191418317,266.15350149902866,2005.1344026189847,22261.21587721399,16995.66621415077,4,0,2871.129301955015,4022.1500201689714,1200.0,10800.0,833.3333333333333,831.9733333333334,0.0,0.3099216998089105
2025-10-22,44642.2915363359,1647.5876165631234,2792.33225429322,49082.21140719225,68420.09315771566,69481.07885512007,535.2442353136042,1269.6318402330965,20112.240477907664,16920.445927707086,5,0,4022.1500201689714,3322.6709750557725,1200.0,10800.0,833.3333333333333,809.3316666666666,0.0,0.3010350000113249
2025-10-23,45530.365714057756,-800.6819731893077,0.0,44729.68374086845,71210.85995917498,67108.08055230454,0.0,185.01411853089417,21016.322708750296,17472.753308309977,0,0,3322.6709750557725,2823.191070364397,1649.7105587237352,10407.423408679015,833.3333333333333,818.0559833333333,0.0,0.32690369989722967
2025-10-24,16218.331520123456,371.4726450493537,0.0,16589.80416517281,41117.04462072872,41440.53123479635,0.0,11337.717313652192,25684.444854310597,14001.681649833103,0,0,2823.191070364397,10381.767383873825,1494.1143533532274,10800.0,833.3333333333333,509.03313333333335,5.684341886080802e-14,0.3060340001247823
2025-10-25,13582.362119825772,145.4065250503826,0.0,13727.768644876154,33432.41218975544,33490.55127817922,0.0,10484.751161598,19969.37212052609,16362.004737278205,0,0,10381.767383873825,10174.197028704855,1576.2943399118585,10800.0,833.3333333333333,485.56499999999994,0.0,0.28205309994518757
2025-10-26,42040.77978789447,-403.4421993868013,0.0,41637.33758850767,61662.85458257501,60154.319795521806,0.0,111.87720216355812,14383.519805257525,18885.389228565942,0,0,10174.197028704855,2135.5990439189163,1880.2576597213845,10800.0,833.3333333333333,830.1616666666666,0.0,0.3200509997550398
2025-10-27,43542.73153878012,2560.35539291224,27.83163177083341,46130.918563463194,67828.15160501283,68574.31091780169,5.301263194444459,1030.8955080681242,20845.861956929006,16849.726950667668,1,0,2135.5990439189163,2174.955971079832,1524.5351040427945,10800.0,833.3333333333333,833.3333333333333,1.1368683772161603e-13,0.2974425998982042
2025-10-28,43720.67719163957,4437.341755594935,0.0,48158.0189472345,66796.99419058717,71110.55244612346,0.0,1434.789106796055,20860.05092111352,17156.70928178611,0,0,2174.955971079832,1885.9914869863271,1630.7984562597278,10800.0,833.3333333333333,817.4999999999999,0.0,0.3140566002111882
2025-10-29,45726.560204427646,6894.146678021669,0.0,52620.70688244932,69423.23680796975,75450.07690839568,0.0,2213.586527754196,21185.184527317062,17260.95094667557,0,0,1885.9914869863271,1773.8231763766044,1504.9621150185799,10800.0,833.3333333333333,805.66,0.0,0.31121850037015975
2025-10-30,45859.739520751675,1589.0000122650395,0.0,47448.73953301671,70127.5702674093,71769.47302544188,0.0,1158.6607097962667,23050.441050919355,17227.44638527373,0,0,1773.8231763766044,3377.613027455436,1709.5543385381525,10800.0,833.3333333333333,809.6712527777777,0.0,0.27678379975259304
2025-10-31,16719.38301612904,86.94370752786507,0.0,16806.326723656905,41871.239359424,41758.4453012344,0.0,6425.2912191959385,26094.133221450305,14665.271206078503,0,0,3377.613027455436,10567.587142229042,1526.9109525568756,10800.0,833.3333333333333,487.62166666666667,0.0,0.19815959967672825
2025-11-01,14215.918057224097,73.02025009130323,0.0,14288.9383073154,34302.1722030924,34280.46031891285,0.0,7861.740078461626,20362.954453869184,16488.27264675129,0,0,10567.587142229042,10573.943209876543,1740.4569826004317,10800.0,833.3333333333333,495.655,0.0,0.2515766997821629
2025-11-02,43305.391932603074,2515.448937714947,0.0,45820.84087031802,61733.94822714907,63971.82780285939,0.0,873.033140790431,12357.17749554837,18054.76676681274,0,0,10573.943209876543,1634.55099274481,1455.1112724978968,10800.0,833.3333333333333,810.7116666666667,0.0,0.2939383997581899
2025-11-03,49503.92720562826,1203.174059548449,0.0,50707.10126517671,75776.11196477913,76906.29875680257,0.0,568.8453705408878,24078.398321220513,17245.875218292167,0,0,1634.55099274481,4143.0259059630835,1598.1465318188841,10800.0,833.3333333333333,808.015,0.0,0.31421900005079806
2025-11-04,46579.60936812397,702.7815084109684,0.0,47282.39087653494,69676.95900900016,68846.17317767283,0.0,328.99513799166436,17636.90244758071,16699.79644123288,0,0,4143.0259059630835,1460.908729638086,1365.0091382183327,10486.80159688946,833.3333333333333,820.3666666666666,0.0,0.28137180022895336
2025-11-05,50039.36971614584,91.31807726956474,0.0,50130.6877934154,75059.67516462028,75139.17220227505,0.0,475.4942604595123,22957.12259823854,17971.46472308967,0,0,1460.908729638086,2154.0249312864817,1200.508274906111,10800.0,833.3333333333333,803.2050166666667,0.0,0.3408252000808716
2025-11-06,49350.114312286016,2294.2816535194524,1906.4098124965697,53550.805778302034,73428.15341016454,75702.66805389507,364.13514073259284,693.5955813665024,22174.845987588164,18171.222924326998,5,0,2154.0249312864817,1921.138626419166,1200.0,10800.0,833.3333333333333,803.2991,1.1368683772161603e-13,0.3280680999159813
2025-11-07,17335.31429497515,151.44086568036198,0.0,17486.75516065551,43563.515086898704,43607.376193307064,0.0,7303.7595550798505,27193.762267453727,14208.607412559848,0,0,1921.138626419166,10608.183097616582,1211.2044588516446,10800.0,833.3333333333333,491.60833333333335,0.0,0.27617229986935854
2025-11-08,14278.949973581832,86.0055776714108,0.0,14364.955551253242,33847.16912527234,33909.34945583955,0.0,7168.45226995194,19499.1796502661,16549.4895643785,0,0,10608.183097616582,9769.123044657741,1929.802107558977,10800.0,833.3333333333333,481.41166666666663,0.0,0.27848939993418753
2025-11-09,46957.5804289784,2014.9246963602782,0.0,48972.50512533868,68045.3937087524,69369.18834118893,0.0,266.9914710669552,17191.701171224082,19436.321484435437,0,0,9769.123044657741,3645.7413382756,1603.7383826885623,10800.0,833.3333333333333,761.2602674999999,0.0,0.3365260998252779
2025-11-10,51318.467843898194,4283.321242989705,0.0,55601.7890868879,76008.40764923414,79446.37359361823,0.0,628.871010900714,22866.707305294593,17907.647822577062,0,0,3645.7413382756,4328.3914435106735,1613.5733851156122,10800.0,833.3333333333333,807.7445136033949,0.0,0.3498897000681609
2025-11-11,50485.47528497067,269.6140894551848,0.0,50755.08937442586,73973.43944393552,73306.8807751241,0.0,447.79043984754367,19175.855064315278,17875.784395705403,0,0,4328.3914435106735,1724.6783394995396,1724.6783394995396,10541.710525720982,833.3333333333333,790.3553999999998,0.0,0.35313450009562075
2025-11-12,51880.47298135684,918.6623180230883,0.0,52799.13529937993,77844.4384777821,77844.18355795798,0.0,371.4488034681384,23391.18759329843,16874.440588808582,0,0,1724.6783394995396,4027.368741458582,1670.2901507795707,10590.37999869012,833.3333333333333,828.7181727777776,1.1368683772161603e-13,0.36429829988628626
2025-11-13,51231.91337148268,2503.770797603048,0.0,53735.68416908573,75083.00492011182,76883.05902185905,0.0,30.597748997255735,20782.13947675971,16325.54952056457,0,0,4027.368741458582,4591.794803248368,1601.3402012730596,10637.230795281246,833.3333333333333,811.9018977237654,0.0,0.3593201001640409
2025-11-14,16702.141466995352,155.5913745918037,0.0,16857.732841587156,41710.56217548517,41771.86199175627,0.0,4203.696065466449,24434.88144035569,14465.170814065872,0,0,4591.794803248368,10510.77608393975,1504.815730540947,10800.0,833.3333333333333,474.0410499999999,0.0,0.27778170024976134
2025-11-15,14559.144939237052,109.90237002732647,0.0,14669.047309264379,33503.00034148626,33561.23179803165,0.0,3844.2677745015267,18372.20479459351,16867.127687730048,0,0,10510.77608393975,8304.50741270719,1627.0006627071898,10800.0,833.3333333333333,486.88499999999993,0.0,0.2643920003902167
2025-11-16,49985.47774687654,2995.9007206126507,0.0,52981.37846748919,71145.02953414008,73361.85450315637,0.0,233.98088728117682,17138.08401864006,18444.754786098198,0,0,8304.50741270719,3234.6110449296925,1775.4739459456512,10722.759715806647,833.3333333333333,777.2692590509258,0.0,0.329221400199458
2025-11-17,51807.229563058965,1014.1041802677055,0.0,52821.33374332667,75791.43572229223,76272.44239162409,0.0,292.22866247234913,21092.12711363297,17807.667717814555,0,0,3234.6110449296925,2431.22798296097,1614.7281738251686,10800.0,833.3333333333333,777.9720000000003,0.0,0.32857090001925826
2025-11-18,52972.7187806109,2001.3000831824997,0.0,54974.0188637934,76994.72893437817,78636.78461270628,0.0,285.3096341575106,21583.173020270915,18122.249875055466,0,0,2431.22798296097,1720.2505066987214,1633.2778960369935,10800.0,833.3333333333333,801.279305007716,0.0,0.31916559976525605
2025-11-19,54652.47539028308,2865.5970794949912,0.0,57518.07246977807,78855.5029665631,80706.02295612177,0.0,803.694674736957,22027.958532861652,17493.941851476833,0,0,1720.2505066987214,2107.700017966609,1527.3263845098195,10800.0,833.3333333333333,829.6666666666666,0.0,0.3275938001461327
2025-11-20,53928.80417930651,1407.7127994826503,0.0,55336.516978789165,79591.37801589479,80529.295115412,0.0,348.47530587622225,23328.445827572417,17940.702051369968,0,0,2107.700017966609,3169.187872370706,1585.1208479262618,10800.0,833.3333333333333,804.2333333333332,0.0,0.3372138999402523
2025-11-21,17682.577502136188,867.8898610445139,0.0,18550.4673631807,43543.41467629836,44266.305702162696,0.0,3636.1313992241367,25987.09079812119,14221.300561849295,0,0,3169.187872370706,10756.124521958343,1733.9891990333144,10800.0,833.3333333333333,489.4308333333332,0.0,0.2804828002117574
2025-11-22,15236.065937468818,146.73116913682475,0.0,15382.797106605643,35327.999142557026,35440.042378390455,0.0,2243.5283877065167,21885.804852225443,18909.120344874835,0,0,10756.124521958343,9443.215172433645,1368.3342815580259,10800.0,833.3333333333333,537.3437499999999,0.0,0.2754259000066668
2025-11-23,51826.32533048639,935.3648503364475,0.0,52761.690180822836,72335.77524768081,72455.46952570483,0.0,31.1749870000001,15630.776844921096,18438.57858954959,0,0,9443.215172433645,3023.6047889186466,1403.5536234529102,10642.224676794052,833.3333333333333,800.5674999999999,0.0,0.3814255001489073
2025-11-24,53900.72883556556,232.50463476032635,99.5299589999998,54232.76342932589,78173.907044374,77201.39561274962,18.83966666666663,199.13227957477068,20656.98989771948,17797.83059787796,1,0,3023.6047889186466,1839.5283658906578,1326.3893337578552,10606.47731866913,833.3333333333333,833.3333333333333,0.0,0.3790868001524359
2025-11-25,56603.122998480976,-279.6108306704282,0.0,56323.51216781055,82080.76365504978,80571.34966814844,0.0,52.873365667828125,22611.7822618579,18261.966426043946,0,0,1839.5283658906578,1899.0585948472808,1604.8633799750696,10503.33289041729,833.3333333333333,798.4024999999999,0.0,0.36418600007891655
2025-11-26,56414.898151417045,1193.248497536667,0.0,57608.14664895371,81921.29213767003,82947.71922182836,0.0,213.7409724201077,24387.863051798144,18411.55168572323,0,0,1899.0585948472808,3390.8556906620315,1679.7179400147038,10681.872172345682,833.3333333333333,829.2429623688271,0.0,0.3621702000964433
2025-11-27,55996.64042704238,1128.3229363926696,0.0,57124.963363435054,81397.16299035918,81749.60178917559,0.0,320.2315983760464,23086.131674418855,17437.654216952636,0,0,3390.8556906620315,4793.202845469407,1618.4319386175564,10800.0,833.3333333333333,783.1004166666667,0.0,0.3654789000283927
2025-11-28,17195.891512544924,15.942298368790652,0.0,17211.833810913715,42878.82061656908,42891.56321181727,0.0,2040.3625306584304,25672.756405395856,15742.794274237018,0,0,4793.202845469407,10406.68997228455,1441.4555908045309,10800.0,833.3333333333333,511.01249999999993,0.0,0.27106039971113205
2025-11-29,15721.751162708344,827.745384631469,0.0,16549.49654733981,37313.379931321404,38427.2042108781,0.0,374.73930431463793,20556.781447050253,17433.766640486796,0,0,10406.68997228455,9536.941451866667,1820.3956666666688,10800.0,833.3333333333333,499.8883333333333,0.0,0.2848420001100749
2025-11-30,54011.574741965516,3369.8567292275,0.0,57381.43147119302,73824.57217833231,76415.47007768249,0.0,4.207793884248872,16179.78748296553,20013.35331583395,0,0,9536.941451866667,1861.6909467201622,1681.0947948065825,10716.162220470225,833.3333333333333,813.9806833333332,0.0,0.30705370008945465
2025-12-01,62511.213721430875,14257.126110242029,1595.5312867860139,78363.87111845892,84858.35912811605,93555.28137256762,242.77298431248298,666.0154855977555,26104.140466710032,19271.02932876101,3,0,1861.6909467201622,3943.1625570247384,1200.0,10800.0,833.3333333333333,833.3333333333333,0.0,0.3929445003159344
2025-12-02,65172.357318185605,9645.547207635756,859.6353125548846,75677.53983837624,85871.00581596418,91861.14624703859,123.96906643769341,88.16009593613205,22664.316915188036,19405.171647647872,2,0,3943.1625570247384,2779.745949974117,1200.0,10494.369330435737,833.3333333333333,833.3333333333333,0.0,0.3626192999072373
2025-12-03,66148.9760849323,7294.086684311869,0.0,73443.06276924418,87833.98255301925,92368.13209052445,0.0,1228.5861361669856,21997.64485305541,18020.847465364615,0,0,2779.745949974117,2554.462467318863,2098.775862775633,10800.0,833.3333333333333,801.6529943667598,0.0,0.3271793001331389
2025-12-04,70402.81469861626,16.82402911396582,114.31931764846573,70533.95804537869,93455.9028192255,91209.48206861001,16.081311856636148,374.44427844073084,23040.92622077524,18961.01586874931,2,0,2554.462467318863,2223.50065629513,1625.697438189328,10708.697790797165,833.3333333333333,833.3333333333333,0.0,0.2968524000607431
2025-12-05,20747.267839952117,7131.345229630043,17.857948765005908,27896.471018347165,48674.0392025272,55504.286737669696,3.750094238766465,1122.730015921953,28183.314333256836,15109.63520060366,1,0,2223.50065629513,10800.0,1200.0,10800.0,833.3333333333333,665.5749999999999,0.0,0.2608528998680413
2025-12-06,19544.515090337365,5418.213594584973,0.0,24962.72868492234,42752.42835631265,47859.096258566344,0.0,1165.0517869857329,19832.697219388003,16803.28356447405,0,0,10800.0,9979.112425811363,2158.6345528217016,10800.0,833.3333333333333,655.6695833333332,0.0,0.3010800997726619
2025-12-07,69799.88191623765,-1365.001497490388,0.0,68434.88041874726,88739.9026195621,84070.83082128203,0.0,1350.2128273117037,14033.695139830374,18965.758395860037,0,0,9979.112425811363,1536.3731673697682,1253.4158407259645,10800.0,833.3333333333333,809.441522222222,0.0,0.2624664003960788
2025-12-08,74444.41424191382,-1395.1497515444244,0.0,73049.2644903694,98820.74413342566,95416.83601632829,0.0,1529.0499739374025,24462.552162840868,18421.977237116644,0,0,1536.3731673697682,3083.806517130269,1536.3731673697682,10800.0,833.3333333333333,777.3643038888887,0.0,0.2837751000188291
2025-12-09,73031.85536436147,-175.14081609071008,115.8177327999995,72972.53228107076,97950.3661057711,94282.53576322507,15.667983333333268,1807.4857962527624,23610.56417946406,18508.300495825082,1,0,3083.806517130269,3768.5359499533906,1334.9889605706744,10800.0,833.3333333333333,833.3333333333333,0.0,0.3252513997722417
2025-12-10,71863.08101272325,-486.755614958708,0.0,71376.32539776455,93652.58889261226,92733.81904450446,0.0,1853.5483145883131,21010.660769951788,18518.008506702303,0,0,3768.5359499533906,2102.565635462998,1928.5351643241474,10800.0,833.3333333333333,751.067832222222,0.0,0.37112320004962385
2025-12-11,71145.79209812512,-1355.1540443390954,0.0,69790.63805378602,96785.1702265375,93773.64349494517,0.0,2118.572807920531,24023.074114737865,18329.25812771322,0,0,2102.565635462998,3357.489974601274,1728.591697255595,10800.0,833.3333333333333,787.8932733333335,0.0,0.34431020030751824
2025-12-12,22319.474154199434,4358.70504311211,0.0,26678.179197311543,51923.65106482795,56883.96478754292,0.0,1207.7964423721467,28268.080329127086,16306.325467289644,0,0,3357.489974601274,10680.622862716049,1899.9412798765436,10800.0,833.3333333333333,625.31245,0.0,0.28122120001353323
2025-12-13,21497.640002193126,156.50605952001342,0.0,21654.146061713138,46601.65250601382,46505.09229197264,0.0,378.72532514464797,20272.21539482487,17944.3818113302,0,0,10680.622862716049,8987.414705469317,1574.4239907779595,10800.0,833.3333333333333,633.905,0.0,0.2893322997260839
2025-12-14,66817.68308277753,2870.743237127754,0.0,69688.42631990528,85046.68298531366,86707.51374126703,0.0,712.302666000151,18088.277994121967,20871.788718855063,0,0,8987.414705469317,2075.988545895677,1621.9984562660472,10800.0,833.3333333333333,781.2932093936735,0.0,0.2954078000038862
2025-12-15,70065.14114836715,4240.716809363573,0.0,74305.85795773072,92500.81858670429,95029.43719041017,0.0,1084.3413130601955,24296.560710237256,19821.022799553946,0,0,2075.988545895677,1919.534518938158,1589.0364310369225,10800.0,833.3333333333333,794.3679327143298,0.0,0.3025518001522869
2025-12-16,71468.40724649085,704.524161081576,0.0,72172.93140757243,94031.28034416048,94210.55339946432,0.0,624.9678749803408,23101.835527812877,18934.34133666222,0,0,1919.534518938158,1673.0294532339517,1539.7889769993833,10800.0,833.3333333333333,811.2845056670137,0.0,0.3435093001462519
2025-12-17,72050.4124509139,-171.61459340344396,0.0,71878.79785751045,94806.94691485856,92911.72841991778,0.0,185.6914855137054,22958.18441020187,18423.99454246445,0,0,1673.0294532339517,1864.2903752329146,1673.0294532339517,10361.981110545976,833.3333333333333,832.3181057777776,0.0,0.31581060006283224
2025-12-18,69840.24724979515,789.4685829943083,0.0,70629.71583278946,93506.2673386639,92830.59065572506,0.0,315.59629705496036,23914.82663162685,18766.099239623414,0,0,1864.2903752329146,2536.4129663377316,1620.661536337732,10552.822774276234,833.3333333333333,832.1135147263128,0.0,0.3227402998600155
2025-12-19,24113.659492413408,74.20420137714007,0.0,24187.863693790547,55697.24584780238,55731.77873866242,0.0,130.3497146346856,30092.246302060477,17399.20857803274,0,0,2536.4129663377316,10286.98066260023,1496.774181417943,10677.450466491971,833.3333333333333,626.09695,0.0,0.31202789954841137
2025-12-20,21434.759903097547,41.00578389240869,0.0,21475.765686989955,47732.00951364453,47104.09237248052,0.0,153.02918004235858,22101.445750434108,18006.734807995952,0,0,10286.98066260023,10170.798717995429,1287.6530720290368,10676.263128815945,833.3333333333333,619.5816666666666,0.0,0.31810190016403794
2025-12-21,66315.90401906834,1640.4818794454995,0.0,67956.38589851385,84111.50478808822,84703.18655722166,0.0,413.43490242484006,15446.95585075608,20194.986062625918,0,0,10170.798717995429,1634.185580758211,1400.4699416261128,10800.0,833.3333333333333,801.6424416611071,0.0,0.3887087001930922
2025-12-22,71092.64473676754,1773.7968571210092,0.0,72866.44159388855,93410.964241139,94381.31400400303,0.0,546.7618333511399,24075.175477260178,19178.05038994162,0,0,1634.185580758211,1992.8986325794622,1396.2315582621782,10800.0,833.3333333333333,791.8445701218096,0.0,0.37338809994980693
2025-12-23,70787.8961381499,-214.55200326591557,0.0,70573.34413488398,93568.22250032873,91872.38464763251,0.0,328.8016741502879,23884.620219114437,19599.12977896553,0,0,1992.8986325794622,1712.2459642651954,1621.6644800676647,10771.1523636,833.3333333333333,807.7604835324287,0.0,0.3644355998840183
2025-12-24,70095.30375010362,304.26820891872893,0.0,70399.57195902235,93563.73081944315,93520.10779082963,0.0,480.2385397656634,24335.046362995818,19149.736428598513,0,0,1712.2459642651954,2336.302770296417,1695.587547765552,10745.283914486537,833.3333333333333,831.1459000000002,0.0,0.3160916999913752
2025-12-25,68926.65799613629,4413.238991032652,0.0,73339.89698716893,92284.17818826594,95333.46620798131,0.0,2011.680026087134,24612.135290049977,19102.79764148914,0,0,2336.302770296417,3261.893818575689,1583.3319674197376,10800.0,833.3333333333333,790.0994465388344,0.0,0.37352320016361773
2025-12-26,23388.015607194888,1805.9579781064976,0.0,25193.973585301384,53956.54746545649,55802.6314577602,0.0,552.9609404726687,28725.013266696442,16482.96518274224,0,0,3261.893818575689,10800.0,1737.1577413682105,10800.0,833.3333333333333,651.6783333333333,0.0,0.32634609984233975
2025-12-27,20336.277399413488,1108.5491970270602,0.0,21444.826596440547,46583.0014117163,47796.0558123064,0.0,98.72441801245303,24768.91543498866,20410.393107361386,0,0,10800.0,10413.809327754925,1779.0446808242068,10800.0,833.3333333333333,648.7416666666666,0.0,0.31275769998319447
2025-12-28,65744.79733414591,905.1996335237386,97.89641619093693,66747.89338386059,85239.56354698536,85468.96297182649,13.31987055909758,1143.1540343167758,17277.58085743522,19747.706799366395,2,0,10413.809327754925,4021.7356557061803,1647.5948257061802,10800.0,833.3333333333333,833.3333333333333,0.0,0.347762200050056
2025-12-29,67750.8040337014,2099.388408713994,0.0,69850.19244241538,89827.1772655512,90958.38912068203,0.0,1256.0584128343958,21367.53304289977,19188.968601718803,0,0,4021.7356557061803,1931.4391701839766,1449.1474253074332,10800.0,833.3333333333333,809.8436999999999,0.0,0.3518936999607831
2025-12-30,68726.11176685232,-435.6872538287428,0.0,68290.42451302358,93461.07183092274,92193.00175964666,0.0,170.10214650918692,25149.23776316087,19350.740750023382,0,0,1931.4391701839766,3064.9301014472153,1261.0420902998355,10626.28740925062,833.3333333333333,824.2992851914964,0.0,0.34799570008181036
2025-12-31,68628.78314135277,1746.838601492795,0.0,70375.62174284557,91395.90744518446,92414.21663956135,0.0,161.28394235507324,24052.9492553199,20446.43949144696,0,0,3064.9301014472153,1994.3183296274055,1401.53588246577,10700.97852466133,833.3333333333333,812.9791882338998,0.0,0.4187914002686739
