date,plan_cost_yuan,adjustment_cost_yuan,emergency_cost_yuan,total_cost_yuan,plan_kwh,final_purchase_kwh,emergency_kwh,waste_kwh,charge_kwh,discharge_kwh,emergency_periods,simultaneous_charge_discharge_periods,soc_start_kwh,soc_end_kwh,soc_min_kwh,soc_max_kwh,max_charge_kwh,max_discharge_kwh,balance_max_abs_kwh,solve_seconds
2025-02-01,18061.680904904533,-686.1847026128378,0.0,17375.496202291695,41756.28971864054,39240.9632964567,0.0,2416.6905821948058,18561.73998822595,16115.643207297384,0,0,10800.0,9599.295759072927,1255.6238088650941,10800.0,833.3333333333333,552.0416666666666,1.1368683772161603e-13,0.30624060006812215
2025-02-02,57902.71159270678,-1640.3360607239206,74.81193962938296,56337.18747161224,79274.88338113055,75429.75676193976,12.898610280928096,1062.0398263247312,14030.288074818327,18005.950478922365,1,0,9599.295759072927,2219.943383162345,1200.0,10800.0,833.3333333333333,809.9943034722221,0.0,0.3174286000430584
2025-02-03,60456.06160257332,-154.0207499675592,0.0,60302.04085260576,84669.12251498853,84338.42976494195,0.0,138.56190382716807,22633.50164752779,18650.55028641301,0,0,2219.943383162345,1867.2612143673527,1661.1219820216734,10800.0,833.3333333333333,822.0777264583335,0.0,0.303175900131464
2025-02-04,60349.04768196933,2196.036559515067,0.0,62545.084241484394,84728.96814771596,85925.84369042033,0.0,245.44288304592715,23280.404318481113,18794.86746110671,0,0,1867.2612143673527,1936.4390331040172,1494.2867282198954,10800.0,833.3333333333333,824.6464944444443,0.0,0.3070437000133097
2025-02-05,58778.612009023665,5403.771717339208,169.95902880277927,64352.34275516565,82429.48970727157,86496.17905845062,24.546364645115432,1546.7056264128848,22283.96130439073,18058.368491041198,1,0,1936.4390331040172,1927.1503281210123,1617.2017992743881,10800.0,833.3333333333333,833.3333333333333,2.2737367544323206e-13,0.3154004996176809
2025-02-06,59768.06250901766,1394.3199100058282,152.31749033333412,61314.69990935682,84031.39227329045,84776.57805100852,21.052866666666773,44.49738004167352,22748.12243165756,18266.04611069071,1,0,1927.1503281210123,2104.8537269564727,1771.1787252696067,10684.813860434144,833.3333333333333,833.3333333333333,2.2737367544323206e-13,0.3483700000215322
2025-02-07,20088.985810168087,-308.1582821378525,0.0,19780.827528030233,49261.61411580343,47865.72768968475,0.0,3474.6106525798054,28439.652382159475,15854.215011721197,0,0,2104.8537269564727,10084.746413432003,1615.6758277874294,10800.0,833.3333333333333,536.0374499999999,0.0,0.2839649000670761
2025-02-08,15766.682837727198,249.65598484095938,0.0,16016.338822568157,38075.35794085864,38112.76631076712,0.0,2562.8784660717038,20262.49237513714,16289.767247108392,0,0,10084.746413432003,10221.248165379433,1561.402406040213,10800.0,833.3333333333333,519.1618833333333,0.0,0.25179350026883185
2025-02-09,54415.208425667166,2555.633186065167,0.0,56970.841611732336,73509.0764946242,75562.13458345397,0.0,926.4809995449601,13420.281199535268,18340.043582292914,0,0,10221.248165379433,1921.6750424134875,1722.1485281975256,10800.0,833.3333333333333,751.7003732791056,0.0,0.29960810020565987
2025-02-10,55978.88133610744,-187.02134725435008,0.0,55791.859988853095,81773.62454190996,78911.06039267272,0.0,225.774214061772,20371.02739469789,16012.37879942027,0,0,1921.6750424134875,2464.0676982857312,1781.407495631411,10458.781421274003,833.3333333333333,770.706129506173,0.0,0.2895851000212133
2025-02-11,55225.63346329523,690.9266685620307,71.41897577043277,55987.97910762769,79536.004830167,79644.9392946544,13.360579135802595,313.82561816680027,21258.734677253844,17134.857554963775,1,0,2464.0676982857312,2558.198291187775,1390.4010277595905,10800.0,833.3333333333333,833.3333333333333,0.0,0.30385049991309643
2025-02-12,54096.726961199,1478.6287986816076,0.0,55575.35575988061,78176.57801395855,78523.62742222263,0.0,54.959071460049245,20253.0228530479,17051.090635618646,0,0,2558.198291187775,1840.2625971323885,1643.3344322558455,10395.550151845455,833.3333333333333,832.1360945555555,0.0,0.300135999917984
2025-02-13,52492.92100545474,442.44519884411864,0.0,52935.36620429886,77229.21750785435,76637.24141690563,0.0,1195.2134290934878,20027.39776600569,15914.848794860212,0,0,1840.2625971323885,2181.755258915067,1840.2625971323885,10800.0,833.3333333333333,779.6043702662038,0.0,0.3626987000461668
2025-02-14,18037.49206649593,897.44600449112,0.0,18934.938070987053,44740.980638131616,45582.9904480694,0.0,2870.8222310898745,27439.23367831302,14528.867278000158,0,0,2181.755258915067,10733.879704952167,1438.2293269597312,10800.0,833.3333333333333,559.76725,0.0,0.2751858998090029
2025-02-15,15446.42810736248,326.7907067207493,0.0,15773.21881408323,35747.18061335985,35966.6499732036,0.0,3354.4808090659926,19887.790839448517,16555.712775310905,0,0,10733.879704952167,10237.655043443718,1702.9373446418676,10800.0,833.3333333333333,547.3166666666666,0.0,0.2811764001380652
2025-02-16,49820.71262128283,2378.76121926379,1361.7912463342823,53561.2650868809,69170.79272424773,70737.22765206423,270.41326697738316,201.95186817968238,12508.370161888763,17080.06021102682,2,0,10237.655043443718,2517.343510224909,1200.0,10452.147244504937,833.3333333333333,770.1945025601849,0.0,0.3084528995677829
2025-02-17,52945.46499523184,803.3106758348008,0.0,53748.77567106664,77676.65786493213,74699.821695484,0.0,553.6719803835186,17772.407546134655,14810.12099770084,0,0,2517.343510224909,2056.82030430072,1497.9653962760285,10450.171936524694,833.3333333333333,804.1549999999999,0.0,0.29424180020578206
2025-02-18,49797.88636402715,2626.494985156357,0.0,52424.38134918351,74649.68736067858,76691.03831287022,0.0,54.40555160968153,20609.164928706447,16063.91995077923,0,0,2056.82030430072,2756.2687948262583,1887.4997048503337,10800.0,830.3654444444444,818.3170671728393,0.0,0.30315289995633066
2025-02-19,49917.22977686129,3047.029743096015,1.6630561931425536,52965.92257615045,74200.70851009633,76559.72687780205,0.32273553136863065,552.5553622051843,21930.02635394985,18801.85948615494,1,0,2756.2687948262583,1602.3375287645224,1200.0,10800.0,833.3333333333333,808.3782286682095,0.0,0.3059614000376314
2025-02-20,51199.69676208976,1521.62882501189,32.44494268341534,52753.77052978507,75589.74650483453,76901.18846025688,5.782896833333098,1195.4655325023045,21978.97542642442,17260.603335169842,1,0,1602.3375287645224,2204.967262357785,1377.984414803703,10800.0,833.3333333333333,833.3333333333333,0.0,0.3140473999083042
2025-02-21,18077.442263829762,396.94320886237784,0.0,18474.385472692138,43870.99026823716,44226.50652759761,0.0,5847.978516893034,27028.26460085697,14209.998623485726,0,0,2204.967262357785,10741.518043700478,1691.6258871057414,10800.0,833.3333333333333,535.038,0.0,0.2506100998725742
2025-02-22,14909.940935540475,336.799555856649,0.0,15246.740491397124,34922.207760608435,35176.60796557242,0.0,3877.231377158263,19919.385412750114,16464.771707669286,0,0,10741.518043700478,10374.774128876374,1738.7818956022863,10800.0,833.3333333333333,530.305,0.0,0.2710392000153661
2025-02-23,46444.214447257364,852.3234170851883,0.0,47296.53786434255,66262.23026284718,66676.32709481232,0.0,199.67244042464978,13276.350606751308,18331.54963569696,0,0,10374.774128876374,1955.101190844811,1677.5103540546877,10800.0,833.3333333333333,792.1227777777777,1.1368683772161603e-13,0.329506800044328
2025-02-24,50416.76745630933,-634.5355932872956,0.0,49782.23186302203,75224.66953965521,73012.16322667121,0.0,393.76768166599356,20473.933474494264,16058.571546155712,0,0,1955.101190844811,2538.784044383314,1660.694937963561,10800.0,833.3333333333333,810.5166774444442,0.0,0.310677400091663
2025-02-25,48859.24740515987,-689.9942262612569,100.3812654048873,48269.6344443035,73947.43362134884,71003.47852862813,19.559872448341252,1500.3511791626954,19368.848806299415,15667.484817718974,1,0,2538.784044383314,2562.431505920595,1737.5925995008427,10800.0,833.3333333333333,833.3333333333333,0.0,0.31832340033724904
2025-02-26,47291.533615913235,2634.775310487802,0.0,49926.308926401034,70580.87525967121,72833.96886948541,0.0,631.1054489327612,20179.81929368135,16791.80390646202,0,0,2562.431505920595,2066.708974164899,1811.3061318809478,10800.0,833.3333333333333,818.5968999999998,0.0,0.3070191000588238
2025-02-27,46649.32477235326,515.6346556900395,945.9812493695135,48110.940677412815,71788.27460360245,71716.87503046863,181.83071469576237,288.8678351808919,22493.21588338592,17839.96217340243,3,0,2066.708974164899,2488.423076542861,1200.0,10592.844546582714,833.3333333333333,827.4463444444443,1.1368683772161603e-13,0.32819400005973876
2025-02-28,16818.87206087284,-23.301616333869916,0.0,16795.57044453897,42627.67927194282,42489.31216734956,0.0,7119.934690124096,25884.703762725658,13807.919835500194,0,0,2488.423076542861,10442.52331244019,1565.3809569031287,10800.0,833.3333333333333,520.9738,0.0,0.24444299982860684
2025-03-01,14252.053176176421,-424.3722148891651,2507.3539697533297,16335.034931040587,34475.69236827246,33193.04230843784,536.8496426654319,7362.255959226342,18159.669444877996,15450.799386334389,7,0,10442.52331244019,9618.670939125508,1200.0,10800.0,811.49734619562,478.9468333333333,5.684341886080802e-14,0.29420610005035996
2025-03-02,44870.28751615878,6570.097637574441,20596.96688674999,72037.35204048321,64927.007291923816,65668.0625754425,3585.466805555554,1017.9353404865324,13777.894046705871,17900.607072861014,16,0,9618.670939125508,2129.212166870776,1200.0,10800.0,833.3333333333333,799.8823166666666,0.0,0.31668599997647107
2025-03-03,49587.10989003148,5715.110266940095,13066.616459487062,68368.83661645863,75361.93849912683,73833.23076086435,2348.473910436897,376.3172721911899,20929.35606996713,17141.115304190404,13,0,2129.212166870776,1919.948958518519,1200.0,10800.0,833.3333333333333,826.3077166666667,0.0,0.3159093998838216
2025-03-04,48420.89392956732,1347.0892523851498,0.0,49767.98318195247,73719.01866834376,74721.46681063435,0.0,80.98341805005896,22345.219205425306,16904.19374617435,0,0,1919.948958518519,3248.2087476520182,1851.978773341041,10312.66503180231,833.3333333333333,830.3615994444446,0.0,0.27079449966549873
2025-03-05,47051.971809089766,1997.1239244133644,15.835160000000386,49064.93089350313,72415.03917199063,70080.45820176246,3.286666666666747,762.4426536165482,18405.84900998954,15215.018811843616,1,0,3248.2087476520182,2907.8963990385814,1765.546828741331,10405.994753798761,833.3333333333333,833.3333333333333,0.0,0.23387339990586042
2025-03-06,46304.083554658806,577.7750420952898,0.0,46881.85859675409,71420.57582290049,70826.38323758135,0.0,683.661296608159,20892.732530219102,16690.664722579233,0,0,2907.8963990385814,3166.1726511477505,2084.9529408491935,10800.0,833.3333333333333,772.4456333333333,0.0,0.3080913999583572
2025-03-07,16214.494806510855,-241.0212392470499,0.0,15973.473567263805,40871.05978980682,39622.92622150343,0.0,8371.91586033608,22590.245615587293,12261.520787753268,0,0,3166.1726511477505,9873.481718783794,1887.4310163376713,10800.0,824.70265,456.53116666666665,0.0,0.27785579999908805
2025-03-08,13360.211384952872,2149.9658543530354,0.0,15510.177239305907,32911.46548678711,34847.131584306,0.0,11630.555789766664,18602.809579977213,14449.373302104537,0,0,9873.481718783794,10561.151116202695,1893.3311307707513,10800.0,833.3333333333333,470.80355,0.0,0.2681966999080032
2025-03-09,40653.32761490031,7484.775934722835,0.0,48138.10354962314,61380.936839317204,64317.797218369655,0.0,6124.1134308346345,9279.281918017621,14419.123180482602,0,0,10561.151116202695,2891.25686410455,1848.4809342335784,10800.0,833.3333333333333,777.0863666666667,0.0,0.32508120010606945
2025-03-10,43984.64902406189,19499.350189230747,0.0,63483.999213292635,67176.45683386896,80493.54565655446,0.0,9548.348439903952,15769.218993945742,12866.09322729523,0,0,2891.25686410455,2787.894817216573,1907.9454083526518,10800.0,833.3333333333333,801.992222222222,0.0,0.3539981001522392
2025-03-11,41852.882390752886,20884.069707470102,0.0,62736.95209822299,64825.7720525159,79637.48230963998,0.0,12545.788928953345,14756.052095569263,11603.27751488263,0,0,2787.894817216573,3175.8111311370926,2017.8060699131938,10800.0,833.3333333333333,777.9016666666666,0.0,0.3172687999904156
2025-03-12,42654.510417354206,17141.150742272443,0.0,59795.661159626645,67185.19586176646,78687.26685820107,0.0,14117.59880186192,13817.567604757782,11683.434231751962,0,0,3175.8111311370926,2630.028384583586,1754.5496067399656,10800.0,815.5299999999999,795.64,0.0,0.3047568998299539
2025-03-13,42716.47422772678,12224.948096905679,0.0,54941.422324632455,66063.7642983406,74263.64266654337,0.0,3587.217832780164,17143.90834286768,14013.101525771146,0,0,2630.028384583586,2489.433086752109,1591.4135137480562,10800.0,833.3333333333333,829.3766666666667,0.0,0.29304259992204607
2025-03-14,15084.071237611031,1599.3802602933024,0.0,16683.451497904334,38892.491993426,40464.378336026406,0.0,12522.452473538295,23404.316508089796,11491.81662893502,0,0,2489.433086752109,10784.632800771795,1715.7331891583513,10800.0,833.3333333333333,496.715,0.0,0.27200360014103353
2025-03-15,12642.378500142695,981.0882097801775,0.0,13623.466709922872,30748.185723453087,31678.01949655918,0.0,7819.863851107704,19560.107539704528,16626.07704425305,0,0,10784.632800771795,9915.31064844693,1392.2318498460627,10800.0,831.0874364262331,494.00738333333334,0.0,0.2314175998326391
2025-03-16,38367.52538911937,2674.1886164324483,0.0,41041.71400555182,57553.770006495746,60309.22673932009,0.0,866.5490401455745,12602.068197380651,16510.437431539463,0,0,9915.31064844693,2912.2415466012244,2114.648609379003,10800.0,833.3333333333333,817.1838888888888,0.0,0.33321459987200797
2025-03-17,39914.989508692495,756.9332512868502,1523.9240810214305,42195.84684100078,64881.026250375726,61197.39076908407,298.71846731332914,108.73270574979142,19828.792100904044,16299.547003589763,5,0,2912.2415466012244,2647.546655648461,1200.0,10555.890832614818,833.3333333333333,792.12985,1.1368683772161603e-13,0.29035020037554204
2025-03-18,42229.784704684236,585.0113240823789,10984.817593934158,53799.613622700774,67067.4230766756,62307.317220348865,1932.5921019731786,81.91719247639787,19537.678237203218,16505.644474024237,10,0,2647.546655648461,1891.8520979933176,1200.0,10582.176339471605,833.3333333333333,801.5304166666665,0.0,0.2982371998950839
2025-03-19,38747.68319624608,3341.4165906720855,1186.287420849887,43275.38720776806,62319.051311188734,65757.7437320279,235.49386765722446,1693.5930037349979,21524.639092672413,16690.46494672229,3,0,1891.8520979933176,2719.0662294848335,1200.0,10800.0,833.3333333333333,804.7827777777777,0.0,0.28637020010501146
2025-03-20,40967.25376763503,2789.64291295563,1288.4196569949734,45045.31633758563,64782.08907350816,65664.90603705366,251.85004685600177,327.9036391901052,19872.539395782456,16492.648767729566,5,0,2719.0662294848335,2279.1863882117555,1200.0,10272.573661146918,833.3333333333333,812.1955555555553,1.1368683772161603e-13,0.28619250003248453
2025-03-21,14820.158142223037,-62.9681656521429,0.0,14757.189976570895,38773.972061651584,38481.530394198446,0.0,14494.570936335627,23691.94821583625,11738.453274640106,0,0,2279.1863882117555,10559.21392175316,1313.0233221449098,10800.0,833.3333333333333,494.82499999999993,5.684341886080802e-14,0.22451960016041994
2025-03-22,12533.578776090344,186.04707847150303,0.0,12719.625854561848,30954.392260992874,30837.802808626024,0.0,11429.549240916342,19410.62257771141,15883.568743335058,0,0,10559.21392175316,10380.36452687669,1990.914435959264,10800.0,833.3333333333333,471.8125166666667,0.0,0.261485300026834
2025-03-23,36797.03890684609,-140.06353236714656,0.0,36656.97537447895,56794.51521747589,55714.27397502124,0.0,1261.971322823009,12717.996065191262,17035.413529659694,0,0,10380.36452687669,2898.3237303713886,1610.0280053096596,10800.0,833.3333333333333,817.6898666666666,1.1368683772161603e-13,0.28738739993423223
2025-03-24,38831.338070065605,1082.3640358655034,0.0,39913.70210593111,62017.61467368425,62490.51343442123,0.0,897.0522979462544,19637.99245655701,16043.028403415363,0,0,2898.3237303713886,2746.929826366741,2051.9763871655073,10800.0,833.3333333333333,791.9585666666665,0.0,0.2973459998611361
2025-03-25,39877.72437137512,4650.2019201406665,0.0,44527.92629151579,63972.61179320911,65795.35113411707,0.0,1830.224708328119,17311.161640206814,14296.159931084523,0,0,2746.929826366741,2442.3531569034044,1733.1806128293297,10800.0,833.3333333333333,783.7179694444445,0.0,0.2663429998792708
2025-03-26,37807.91241720907,9423.22027431404,0.0,47231.132691523104,60437.02813905146,67057.83069561922,0.0,8862.907526320143,15413.299965299466,12810.931662667044,0,0,2442.3531569034044,2079.9546115984335,1818.836403141643,10800.0,833.3333333333333,779.9385044444443,0.0,0.2881723998580128
2025-03-27,37384.187395579895,9733.70170579794,0.0,47117.889101377834,60503.65710765762,67758.15298685689,0.0,6188.788758148654,15852.653118651464,13000.278289943224,0,0,2079.9546115984335,1902.5887628922858,1552.0061457935208,10800.0,833.3333333333333,766.7254166666667,0.0,0.2849744998384267
2025-03-28,14699.014539169086,2377.998751005168,0.0,17077.013290174255,38529.740201552835,40901.549164824486,0.0,17755.95027944012,22716.042133267172,10392.324014549466,0,0,1902.5887628922858,10800.0,1889.7908897071745,10800.0,833.3333333333333,483.8733333333333,0.0,0.27159879985265434
2025-03-29,11539.904181146972,1512.5599018965545,0.0,13052.464083043527,29462.628075710556,31064.38540722346,0.0,20314.878378702248,19256.87294675796,16214.575101570084,0,0,10800.0,10114.991094782077,1401.1316897820782,10800.0,833.3333333333333,482.24499999999995,0.0,0.2787908003665507
2025-03-30,32717.84204593812,9191.295684431281,0.0,41909.1377303694,50685.299500190034,57672.23254153392,0.0,8318.059115401138,7055.070412558893,13046.516686426101,0,0,10114.991094782077,1968.4248145005265,1632.0380289112475,10800.0,833.3333333333333,761.5791333333332,0.0,0.31194929988123477
2025-03-31,35035.311315097555,11583.688468212269,0.0,46618.999783309824,56701.01452955322,68156.0381795449,0.0,7690.061604584177,15988.12148178052,12473.53439015313,0,0,1968.4248145005265,2498.2514923772937,1596.0811882390217,10800.0,833.3333333333333,796.0470833333333,0.0,0.25123629975132644
2025-04-01,37481.534540740606,11692.777888006356,0.0,49174.31242874696,60015.95769808882,69418.62561480745,0.0,6395.457994147619,15078.431305299453,12264.115201306293,0,0,2498.2514923772937,2442.0449990286997,1565.4095403092517,10800.0,833.3333333333333,755.053,1.1368683772161603e-13,0.3080784999765456
2025-04-02,36282.02133145547,10528.251846997762,0.0,46810.27317845324,59265.787316074064,67420.84359020182,0.0,3812.579429637544,17246.826174173155,14073.897413608865,0,0,2442.0449990286997,2326.5247628858015,1604.5523970216038,10800.0,833.3333333333333,788.4129166666667,0.0,0.31089720013551414
2025-04-03,38299.523580483205,4557.351962648599,0.0,42856.875543131806,60920.33854229501,63657.66904706904,0.0,4379.513371430809,17789.91237195529,14375.286962983728,0,0,2326.5247628858015,2364.9048276636504,1654.911900688342,10800.0,833.3333333333333,779.5462500000001,0.0,0.3011228998657316
2025-04-04,13814.854228743634,1149.0378488624306,0.0,14963.892077606064,37084.994494577724,38067.11669428486,0.0,19866.449535249638,22849.05877341128,11079.193864376062,0,0,2364.9048276636504,10618.842318871519,1652.708352687894,10800.0,833.3333333333333,503.50333333333333,5.684341886080802e-14,0.24954620003700256
2025-04-05,11325.84899711765,1136.275532856472,0.0,12462.124529974122,28643.785526418797,29814.65674777828,0.0,14371.407698754638,19563.199381764716,16164.06531607441,0,0,10618.842318871519,10265.649189043757,1599.9175930540694,10800.0,833.3333333333333,483.91773333333333,5.684341886080802e-14,0.2713248999789357
2025-04-06,32795.36845668251,1116.6090254351766,0.0,33911.97748211768,50678.68993845618,50123.68950843089,0.0,1453.6990838507477,10099.855312380754,15839.941154467266,0,0,10265.649189043757,1755.5843541116938,1497.2943307783605,10800.0,833.3333333333333,772.5316666666665,1.1368683772161603e-13,0.2908101000357419
2025-04-07,34657.905699609284,1947.8914224068494,0.0,36605.797122016134,56566.07662689921,58765.77937265685,0.0,1184.819605407794,20010.351748061006,15672.111264145275,0,0,1755.5843541116938,2351.443967205185,1755.5843541116938,10800.0,833.3333333333333,735.0190166666666,1.1368683772161603e-13,0.2588021997362375
2025-04-08,35120.582121564265,1575.3843118580514,0.0,36695.96643342231,57119.139191250404,57996.439755530664,0.0,226.1913323481245,19432.578109128823,16015.52330261295,0,0,2351.443967205185,2045.7383736289557,1436.9208339562813,10800.0,833.3333333333333,746.5049999999999,0.0,0.2687465001363307
2025-04-09,34777.823539360696,7239.61878252174,0.0,42017.44232188244,56602.75765134559,64709.18521967092,0.0,2124.1454865552414,19243.73630736154,15793.007590912526,0,0,2045.7383736289557,1817.3148381293204,1629.3649054749997,10800.0,833.3333333333333,749.6552499999999,1.1368683772161603e-13,0.2658495001960546
2025-04-10,36234.22300399098,2114.6539485225094,0.0,38348.876952513485,58223.165135288764,60026.495849787636,0.0,1517.080347243747,19718.42815190981,15669.650549365917,0,0,1817.3148381293204,2153.1773422193514,1572.1619687625612,10800.0,833.3333333333333,759.6016166666666,0.0,0.2987385999877006
2025-04-11,13822.946512244569,686.7882337060709,0.0,14509.73474595064,36325.60965333034,37041.906064142284,0.0,19837.231439078096,22401.407651620953,10513.383193223433,0,0,2153.1773422193514,10632.90734731884,1732.797047620812,10800.0,833.3333333333333,493.1533333333333,0.0,0.2779908999800682
2025-04-12,11258.004286785497,-15.056996032072927,0.0,11242.947290753424,28671.06588714638,28617.302845058806,0.0,15981.532063352097,19326.01502804611,15715.404796339397,0,0,10632.90734731884,10564.75998773878,1824.958628540496,10800.0,833.3333333333333,476.1539333333333,0.0,0.262402500025928
2025-04-13,30523.662848402928,2499.7228651040523,0.0,33023.38571350698,46532.17275545067,49070.917971493895,0.0,493.85240105153093,9686.603330165763,15385.896243056726,0,0,10564.75998773878,2187.262714824942,1783.5119121795628,10800.0,833.3333333333333,748.98,0.0,0.31544769974425435
2025-04-14,35385.6796593882,-448.5923576414942,0.0,34937.08730174671,57612.53197258404,56577.71277830398,0.0,118.23862283152549,19574.575316858645,15643.132961386182,0,0,2187.262714824942,2423.1216540130763,1726.208095618015,10800.0,825.7601277777776,759.3166666666666,1.1368683772161603e-13,0.2610712999012321
2025-04-15,32978.15091285392,418.7551350424549,0.0,33396.90604789637,53669.891034310254,53718.537861654135,0.0,763.8433439999961,18570.250313181718,15754.984628860908,0,0,2423.1216540130763,1630.8084593645033,1392.3700226361084,10800.0,833.3333333333333,751.0735833333333,0.0,0.28848770004697144
2025-04-16,34338.84569146573,5873.03123564736,0.0,40211.87692711309,56674.314839870494,63052.50193004141,0.0,1961.2349264039638,21248.236700379206,15936.561646741746,0,0,1630.8084593645033,3046.9307711038546,1630.8084593645033,10800.0,833.3333333333333,748.3073333333334,1.1368683772161603e-13,0.2896849997341633
2025-04-17,33414.1529672966,2388.5703375709663,0.0,35802.72330486756,54713.411743181045,57584.50540858642,0.0,633.1334149642453,19809.69893348411,15726.669289861931,0,0,3046.9307711038546,3401.582822504077,1527.696862689262,10800.0,833.3333333333333,750.8766666666667,1.1368683772161603e-13,0.29239169997163117
2025-04-18,13007.812263502103,478.6019590942864,0.0,13486.41422259639,34601.843708745,34938.95465413514,0.0,18098.409573788722,21024.625227913253,10538.197330900173,0,0,3401.582822504077,10614.637382181367,1650.6316712185949,10800.0,833.3333333333333,475.26,5.684341886080802e-14,0.24287709989584982
2025-04-19,10392.479404088928,262.962678016651,0.0,10655.44208210558,27401.25713499487,27590.09862692694,0.0,17419.92965689397,19640.53742028672,16255.047700253752,0,0,10614.637382181367,10229.956949046355,1683.135577216442,10800.0,833.3333333333333,475.26865,0.0,0.24046600004658103
2025-04-20,29827.123451211985,1968.3708984610164,0.0,31795.494349673,46472.14554863179,48212.489907232404,0.0,720.787804306764,12018.44932017494,16484.492100582625,0,0,10229.956949046355,2730.45900322311,1894.8485872971853,10800.0,796.5413888888886,721.5449,1.1368683772161603e-13,0.31829650001600385
2025-04-21,33495.8423654599,-605.2047134814424,0.0,32890.63765197846,55900.9309080243,52743.537229249545,0.0,1741.0175827742678,17959.557351663716,15473.948088521767,0,0,2730.45900322311,1700.7849658073774,1594.148189140711,10800.0,833.3333333333333,740.0643833333334,0.0,0.2900654000695795
2025-04-22,32519.040664926266,2582.357988941637,0.0,35101.3986538679,53581.435466711555,56653.39045583518,0.0,841.5898357255219,19391.743638157168,15732.872334714182,0,0,1700.7849658073774,1672.3849793552922,1575.5092460219585,10800.0,833.3333333333333,750.7866666666666,0.0,0.29592659999616444
2025-04-23,32645.004053353972,2307.1977064561497,0.0,34952.20175981012,53275.80480568575,56131.881204403086,0.0,1006.2951763705113,18630.833135868896,14905.16382450299,0,0,1672.3849793552922,1878.8416633006475,1567.4738438195805,10800.0,833.3333333333333,748.3694499999999,0.0,0.2572226996999234
2025-04-24,32692.22462923992,667.4494195711222,0.0,33359.674048811044,53773.31516674024,54170.14122659464,0.0,3332.289313895785,19151.80635017349,15404.061137474633,0,0,1878.8416633006475,1999.8438923738674,1423.0996025590525,10800.0,833.3333333333333,740.9225,0.0,0.25544649991206825
2025-04-25,12625.475711123425,-90.28745742016673,0.0,12535.188253703258,34764.42789568473,34540.71827203319,0.0,20931.11843183224,21790.329508438255,10181.087318237309,0,0,1999.8438923738674,10298.821207482399,1518.3607574823986,10800.0,833.3333333333333,490.2083333333333,5.684341886080802e-14,0.25037500029429793
2025-04-26,10446.906864294335,246.25330322285436,0.0,10693.16016751719,26897.97681977941,27040.91459041849,0.0,23548.909239773664,19515.362103121457,16093.550385809964,0,0,10298.821207482399,9980.924449391752,1510.7488752718655,10800.0,833.3333333333333,484.1332333333333,5.684341886080802e-14,0.2844743002206087
2025-04-27,27947.784544323215,2333.1241742490265,0.0,30280.908718572242,43909.546311070284,45580.92076572403,0.0,1271.5879992081414,12281.107905351706,16545.246322169143,0,0,9980.924449391752,2650.314539575904,1599.9152376549357,10800.0,833.3333333333333,733.8631166666667,0.0,0.290830799844116
2025-04-28,33389.48341663846,8132.8155079012195,0.0,41522.29892453968,54944.33325047312,63674.05016634755,0.0,1927.7673542464772,20938.459254856338,15814.14375942192,0,0,2650.314539575904,3923.6570251444714,1682.915227737064,10800.0,833.3333333333333,722.8120166666665,0.0,0.338668700074777
2025-04-29,30422.256519700415,1002.8317202255722,0.0,31425.088239925986,49302.20591626196,50064.43713082087,0.0,1498.221597588854,15551.289626948164,14418.287810382808,0,0,3923.6570251444714,1899.4979000835895,1485.1689017558188,10800.0,816.7238888888888,748.9916666666666,0.0,0.27522949990816414
2025-04-30,30949.789892357723,741.4633124534682,0.0,31691.25320481119,50909.505864965315,51757.38872662111,0.0,226.4817429073973,17510.859599164687,14236.807048784307,0,0,1899.4979000835895,1840.5970406825825,1637.2926728430757,10800.0,833.3333333333333,738.42545,1.1368683772161603e-13,0.23526980006136
2025-05-01,32669.10512742118,3125.458545902605,6952.94327915509,42747.50695247887,52164.87988911498,54379.31520222213,1498.5972067911891,1776.9462107774643,18271.77954921151,15182.19215097565,19,0,1840.5970406825825,1416.096245,1200.0,10800.0,833.3333333333333,819.6148166666667,0.0,0.2666645997669548
2025-05-02,14131.575287447475,1909.1955326001912,3116.7859846107553,19157.556804658423,35840.610551517144,37465.15900722945,651.4983304767393,12320.38324475234,21992.942766423796,10486.98875680328,7,0,1416.096245,9557.535005,1200.0,10800.0,830.3094444444441,546.4155499999999,5.684341886080802e-14,0.2767951001878828
2025-05-03,11835.913107771497,29.11313869831554,2901.703542805071,14766.729789274885,28890.71881438111,28920.243361316687,673.1866582736665,16875.724813045195,19861.747737079757,16011.214180534602,7,0,9557.535005,9642.86999,1200.0,10800.0,833.3333333333333,572.5083333333333,0.0,0.21520109986886382
2025-05-04,31610.83584615207,1871.143131847546,0.0,33481.97897799961,47661.82606903641,47566.7702904286,0.0,256.6773314910852,10469.938028905377,14894.512403301203,0,0,9642.86999,2516.355990124619,1753.2248453598047,10800.0,750.6703855555556,803.8746,0.0,0.27233520010486245
2025-05-05,36423.19435436644,2665.095726349431,0.0,39088.29008071587,56637.15136589753,58909.19180721666,0.0,58.012989911866384,18845.249020939802,15070.07700363501,0,0,2516.355990124619,2732.550104931546,1901.752544034994,10337.983237397626,833.3333333333333,801.1366666666665,0.0,0.24362589977681637
2025-05-06,36026.95811422677,2583.452015010553,0.0,38610.41012923732,55179.367729165184,57058.034913456155,0.0,347.3413109562129,18616.315325026495,14775.70408919321,0,0,2732.550104931546,3069.7849094629437,1391.256383650143,10800.0,814.5150000000001,814.2691666666666,1.1368683772161603e-13,0.26968679996207356
2025-05-07,36736.065628479104,3147.7057474017693,0.0,39883.771375880875,56371.887269066945,59730.720568722085,0.0,1031.0084136696748,18908.667635153575,15276.80143010116,0,0,3069.7849094629437,3113.3619698776542,1971.1626668511474,10800.0,833.3333333333333,812.3016666666667,1.1368683772161603e-13,0.2917181998491287
2025-05-08,37359.132460701076,1657.5071591409264,147.34492413333206,39163.98454397533,58881.09981722893,59410.02741949829,21.491383333333147,27.444572073029022,18158.609678085042,14581.047847326437,1,0,3113.3619698776542,3254.9464053470397,2358.6198110139208,10800.0,833.3333333333333,833.3333333333333,0.0,0.30707100010477006
2025-05-09,14468.550845777989,1246.67179782095,0.0,15715.22264359894,35327.505824736596,36252.36960563919,0.0,17099.632247620062,21460.348979325965,10806.997471306837,0,0,3254.9464053470397,10561.485518621705,1724.7117412585253,10800.0,833.3333333333333,560.7918,0.0,0.20432719960808754
2025-05-10,13275.472354801139,447.3601754472448,0.0,13722.832530248385,29788.472886926767,30028.112428308406,0.0,14344.552482420999,18966.097884900715,15403.583222346642,0,0,10561.485518621705,10515.881145758301,2199.0135741668496,10800.0,830.4959333333334,554.0049499999999,5.684341886080802e-14,0.22655160003341734
2025-05-11,33656.24955881544,803.3353200563706,66.04751555555556,34525.63239442737,50585.07543365186,50874.17133699393,9.915555555555557,314.3949006105973,10353.451315656335,15267.838407050773,1,0,10515.881145758301,2869.722433125927,2014.602362702884,10800.0,833.3333333333333,833.3333333333333,0.0,0.3373285001143813
2025-05-12,35681.21644877845,1563.5421185543273,0.0,37244.75856733277,55761.6113951416,56595.07957721365,0.0,1137.308680013222,16424.466805696786,12897.891141829692,0,0,2869.722433125927,3320.75240066449,2386.7374803655953,10800.0,833.3333333333333,762.3231859383152,1.1368683772161603e-13,0.3407624999526888
2025-05-13,36383.640732960135,201.4032809704519,0.0,36585.04401393059,57928.854060066544,57176.757239470564,0.0,1493.4732651843722,16807.357312620203,14253.286105000676,0,0,3320.75240066449,2610.3894209108093,2092.2411110805624,10800.0,833.3333333333333,812.78165,1.1368683772161603e-13,0.32999540003947914
2025-05-14,35846.1956073596,405.9489721378024,0.0,36252.144579497406,57157.93358568442,56771.45105712135,0.0,919.0827974190585,17239.19639763341,14400.976921264451,0,0,2610.3894209108093,2124.580710709266,1939.8146318203778,10800.0,833.3333333333333,806.0880547019918,1.1368683772161603e-13,0.29198829969391227
2025-05-15,36313.694093260165,-72.9344835485536,0.0,36240.75960971161,56696.60460793895,56366.02707742463,0.0,22.25637422222212,18065.19374294741,14486.48132307832,0,0,2124.580710709266,2287.164720386019,1966.0840717440437,10713.215825238249,833.3333333333333,782.9413402222219,0.0,0.2820240000728518
2025-05-16,14453.723734732614,15.489170975699428,0.0,14469.212905708313,35347.9381344666,35221.326984828556,0.0,21831.607655005,20282.388491359936,9608.175694869715,0,0,2287.164720386019,9865.563590532496,1660.5061940759335,10800.0,823.0518722222221,566.1133333333332,5.684341886080802e-14,0.2796856998465955
2025-05-17,12426.387769851197,389.29143783804244,0.0,12815.67920768924,28934.54414913706,29289.728981501517,0.0,14922.395791209196,20563.8027099615,16645.268603002514,0,0,9865.563590532496,9878.243137272835,1358.82805110316,10800.0,833.3333333333333,593.3274333333333,0.0,0.24731500004418194
2025-05-18,31808.319494280688,2044.463042371194,34.42846500000008,33887.21100165188,48463.86113747148,50731.23119684706,5.236666666666679,2024.5900204376253,10850.212246598943,15814.502503522835,1,0,9878.243137272835,2071.7647108531883,1863.031938754422,10800.0,833.3333333333333,833.3333333333333,1.1368683772161603e-13,0.32868559984490275
2025-05-19,33836.3549127148,248.2991150854929,361.6762702777775,34446.33029807807,54203.27631117949,53849.89962737476,51.82722222222219,2983.525823227046,17778.039218906546,14375.054742536602,1,0,2071.7647108531883,2099.7169606061907,1751.7425177666842,10800.0,833.3333333333333,833.3333333333333,0.0,0.2615088000893593
2025-05-20,32672.26064025003,5378.582872970679,0.0,38050.84351322071,52793.576622618806,58587.63715571464,0.0,1230.1505673824017,18152.211826150415,15322.120054484842,0,0,2099.7169606061907,1412.1297658250796,1268.0605625534738,10800.0,833.3333333333333,831.5733333333333,1.1368683772161603e-13,0.31785340001806617
2025-05-21,32989.05731103292,3282.419211076397,0.0,36271.47652210932,51849.64153367545,55440.938889969635,0.0,520.308697688919,17264.1075661124,13706.09265716502,0,0,1412.1297658250796,1720.8347340317798,1412.1297658250796,10800.0,833.3333333333333,796.7228283333334,0.0,0.29164849990047514
2025-05-22,33534.232809640554,2333.7267174841827,0.0,35867.95952712474,53164.073076161585,56060.09491158553,0.0,989.0132687312316,18578.62046460662,14324.169638418989,0,0,1720.8347340317798,2525.849109489978,1720.8347340317798,10800.0,833.3333333333333,783.669633118282,0.0,0.30162849952466786
2025-05-23,13972.162197859405,1402.7380229854966,0.0,15374.900220844902,35233.19832256813,36531.28607055694,0.0,18642.13897464061,21165.591637494646,9697.393424911645,0,0,2525.849109489978,10800.0,1502.6577136606543,10800.0,833.3333333333333,551.3140666666666,0.0,0.2714923000894487
2025-05-24,11714.9467719121,193.95764893364918,0.0,11908.904420845749,27811.82776725242,28006.232671809827,0.0,20712.67578356126,20694.61940636168,17155.563901446443,0,0,10800.0,10363.419797451692,1578.3480568701468,10800.0,833.3333333333333,551.4284333333334,0.0,0.2222256998065859
2025-05-25,29924.736032540248,815.2418365008996,0.0,30739.977869041148,45117.32952971582,45021.23635063121,0.0,1988.2148908948814,9942.005165162838,15453.993888759835,0,0,10363.419797451692,2140.120125253989,1654.1311049173787,10800.0,833.3333333333333,802.3829932115667,0.0,0.28805309999734163
2025-05-26,32961.64165070162,6384.64216953824,0.0,39346.283820239856,51853.30628094,59102.36406094521,0.0,1308.3478501391592,17802.553855456994,14588.370594650938,0,0,2140.120125253989,1953.1179344420193,1565.7249831629383,10800.0,833.3333333333333,809.2724,1.1368683772161603e-13,0.27659570006653666
2025-05-27,32669.905603135132,978.3183982846954,0.0,33648.224001419825,51605.56542428625,52789.68248776914,0.0,272.0097716648801,17342.541895125698,14215.23647902144,0,0,1953.1179344420193,1766.6984411424423,1671.962164941264,10800.0,833.3333333333333,806.3283794878473,0.0,0.25419650017283857
2025-05-28,34809.25211019305,1329.2767009181607,0.0,36138.52881111121,55738.32237138435,56744.12729759597,0.0,633.5637029605614,18785.181036698712,14948.44154206329,0,0,1766.6984411424423,2063.9818829898472,1766.6984411424423,10800.0,829.9783961111109,825.7825333333333,0.0,0.30102459993213415
2025-05-29,34404.57950609384,2896.669954895421,119.80442173333444,37421.0538827226,54998.406067389806,57863.93764747122,17.817433333333497,114.32178028041416,19057.66760179276,15400.357801268614,1,0,2063.9818829898472,2104.3740565270914,1495.7276166600284,10800.0,833.3333333333333,833.3333333333333,1.1368683772161603e-13,0.3018922002520412
2025-05-30,14910.483351515244,377.06471170658705,0.0,15287.548063221831,36181.74584465271,36481.56250229988,0.0,17889.274211680386,21973.068172986335,9977.013149033504,0,0,2104.3740565270914,10794.565246622013,1643.3224005123457,10800.0,833.3333333333333,532.5197666666666,0.0,0.22955680009908974
2025-05-31,11672.329348148243,-198.40138415103502,0.0,11473.927963997208,27973.716824631858,27384.664117344702,0.0,16570.276587320383,19870.839639118654,17445.633659094332,0,0,10794.565246622013,9294.2835228351,1560.6478635432109,10800.0,833.3333333333333,551.28035,0.0,0.2741904999129474
2025-06-01,38834.49622779501,12973.069323951882,7101.746085840297,58909.31163758719,55113.334608488185,64842.22593551894,1532.3149808379121,516.4976105699558,10095.116717570936,15461.899711784039,24,0,9294.2835228351,1200.0,1200.0,9897.64797158847,833.3333333333333,833.3333333333333,1.1368683772161603e-13,0.3312615000177175
2025-06-02,46551.9957650517,5194.515218420681,2245.991413221491,53992.502396693875,69320.59458747634,72135.18795561188,668.4536957535972,237.5679114567729,20577.15027078726,16651.88398087855,17,0,1200.0,1217.3419316212537,1200.0,10742.528675395752,833.3333333333333,833.3333333333333,0.0,0.34034410025924444
2025-06-03,47117.55395141642,4533.29964275147,99.79331625139551,51750.64691041928,69793.72437919422,73722.31902765285,13.930865694110594,1290.5532916633838,20283.34004413792,16030.010275787676,2,0,1217.3419316212537,1661.225442692411,1217.3419316212537,10800.0,833.3333333333333,833.3333333333333,0.0,0.30789380008354783
2025-06-04,54177.25873321382,295.3242400353063,80.58438411913725,54553.167357368264,78842.76935427033,76227.23548009036,11.471903212917255,1884.3318690201263,20220.069566550606,15510.954868934125,1,0,1661.225442692411,2624.8937537722686,1661.225442692411,10800.0,833.3333333333333,833.3333333333333,0.0,0.2939874001313001
2025-06-05,50182.95720525962,2340.3448190647396,56.36213695270845,52579.66416127707,73263.86494930672,74999.12874080174,8.200428508403661,89.97561854349145,21058.53347141514,17290.49793731515,2,0,2624.8937537722686,2365.909503251288,1460.886075208458,10800.0,833.3333333333333,833.3333333333333,1.1368683772161603e-13,0.292350199772045
2025-06-06,17843.151249955794,6681.823153623347,2801.5676023733454,27326.542005952488,38425.42461088797,43242.37801448553,517.8266805526035,3011.704587707469,21119.842735562255,11226.338028231585,6,0,2365.909503251288,8900.059044999996,1200.0,10800.0,764.5192933333333,662.1683333333333,0.0,0.23549879994243383
2025-06-07,16094.579300452233,2622.2614109195297,294.61997127580406,19011.460682647565,32507.063091284643,34658.76435193779,53.04137970842032,1599.0779149061973,18287.427117920604,16301.212467847254,2,0,8900.059044999996,7246.285153520477,1200.0,10800.0,776.1080222222222,659.9410833333333,0.0,0.2537183999083936
2025-06-08,49620.8155135053,-1277.6680947608638,0.0,48343.14741874444,71206.47101791878,66148.2405640775,0.0,2118.619262548446,13387.889899346555,14543.191864484173,0,0,7246.285153520477,3136.2839912833015,2292.631550061588,10800.0,833.3333333333333,810.210446772073,1.1368683772161603e-13,0.24024279997684062
2025-06-09,55869.87152757387,-618.5546958126779,0.0,55251.31683176119,79503.31849014286,77547.83179694423,0.0,2472.0902308338395,21051.574573709913,16908.545740932856,0,0,3136.2839912833015,3295.428062141282,2073.5898140494805,10800.0,833.3333333333333,829.8948675065744,0.0,0.3088467998895794
2025-06-10,53304.83841520615,2506.193734590214,0.0,55811.03214979636,76333.94326865146,77963.42022801559,0.0,2748.97111049857,19732.16838898768,16136.163504803993,0,0,3295.428062141282,3125.309051336869,2262.9016640635864,10800.0,833.3333333333333,800.6156810468151,0.0,0.24055319977924228
2025-06-11,55577.44146873112,4111.292215224072,669.8720707042752,60358.60575465947,79026.41038644275,82003.84598151193,126.74812520408622,1495.770407739697,22221.302974944232,17670.92559263458,3,0,3125.309051336869,3490.1199591926957,1200.0,10800.0,833.3333333333333,815.1356328540902,1.1368683772161603e-13,0.2501501999795437
2025-06-12,53455.551244503506,1118.5484616632598,0.0,54574.099706166766,76674.52163414382,76918.10126459118,0.0,804.2347364812897,20399.42468533989,16737.949590563338,0,0,3490.1199591926957,3251.8804087060043,2147.1750370897093,10800.0,833.3333333333333,783.8599534564019,1.1368683772161603e-13,0.27133450005203485
2025-06-13,17595.868071727582,1525.5888720572864,0.0,19121.45694378487,35955.36653694892,37012.62153446549,0.0,4040.8737844377774,15673.55683122469,11047.122781196967,0,0,3251.8804087060043,5083.500688811596,1312.6505335039342,10800.0,811.325051351166,637.9376166666666,0.0,0.23494229977950454
2025-06-14,17577.872079368724,140.83505072441636,0.0,17718.707130093142,33020.2280964956,32857.66387715037,0.0,6386.21940283864,12546.235472177985,12268.133747866255,0,0,5083.500688811596,2743.852893920385,1831.1060394416663,10800.0,815.5634667215363,655.4149666666666,0.0,0.24342940002679825
2025-06-15,51496.7843639652,1333.386225993336,46.50946285444593,52876.68005281298,74618.52077487041,75759.21663152977,6.741478888889105,1383.1837066199491,20849.732599982868,17093.93252951749,1,0,2743.852893920385,2515.353867774426,2113.077198066752,10800.0,833.3333333333333,833.3333333333333,0.0,0.2640898998361081
2025-06-16,52849.78477771332,2695.7803156774116,0.0,55545.56509339073,76244.76318988738,77472.14286021181,0.0,592.0587962175028,20680.07168245448,16494.04043512685,0,0,2515.353867774426,2800.7067873980614,1942.414925440885,10800.0,833.3333333333333,824.5495923652115,0.0,0.27947449986822903
2025-06-17,52621.62945005961,2258.2532077605865,120.82708293333283,55000.70974075353,75900.1947576025,77604.87072004922,16.655466666666598,359.30054036662557,20977.650530647912,18352.436100965315,1,0,2800.7067873980614,1288.996597241947,1288.996597241947,10800.0,833.3333333333333,833.3333333333333,1.1368683772161603e-13,0.31464510015212
2025-06-18,53593.00179937531,416.13989253892817,0.0,54009.14169191424,77772.33451290346,76572.37431708489,0.0,1113.7799472149518,20599.849931716974,16069.646461847024,0,0,1288.996597241947,1973.6988004016403,1288.996597241947,10800.0,833.3333333333333,815.0022222222221,1.1368683772161603e-13,0.29746860009618104
2025-06-19,50116.18093338158,2317.2672753658453,308.8498240080417,52742.298032755476,74171.66526537776,73916.36976191595,43.82670403362954,1469.6461856768149,21389.36462010172,17158.31853982895,2,0,1973.6988004016403,2159.3285809054755,1478.25557915526,10800.0,833.3333333333333,833.3333333333333,1.1368683772161603e-13,0.3019835001323372
2025-06-20,17582.642358208905,-144.57626540565423,0.0,17438.066092803252,34570.269666347245,34316.39639148724,0.0,8925.43809777849,13377.139370503319,10386.76192679457,0,0,2159.3285809054755,2657.907429031157,1915.6151447101688,10800.0,822.2604261111111,636.115,0.0,0.22853450011461973
2025-06-21,16884.887224342612,547.402470759172,0.0,17432.289695101783,33488.1244996414,34062.201045119116,0.0,11710.72477289459,13379.75761711903,10363.021744894493,0,0,2657.907429031157,3185.2206789999555,1700.3848868706632,10800.0,807.4108333333332,667.4907,5.684341886080802e-14,0.2313589002005756
2025-06-22,47300.33254561204,2279.68364593673,95.22971127625077,49675.24590282502,69425.44217391004,70341.5358347175,13.57612250000011,131.6341805424305,19079.4838170616,16313.347140386517,1,0,3185.2206789999555,2230.814847259268,1996.333993712471,10381.124273823738,833.3333333333333,833.3333333333333,0.0,0.2600301003549248
2025-06-23,47221.182490099876,2553.323481084026,21.28479658574199,49795.79076776964,69402.95583393397,70579.92337943366,3.035698008377949,94.91675361659361,19786.145018676754,16359.38869485131,1,0,2230.814847259268,1861.246814233564,1647.8740891101065,10786.014190848768,833.3333333333333,833.3333333333333,1.1368683772161603e-13,0.2761241998523474
2025-06-24,52451.55121596613,7409.56461502286,0.0,59861.11583098899,74761.77793368578,81069.98514874247,0.0,402.9958817010936,22671.989498904084,18273.7924818627,0,0,1861.246814233564,1961.8234945108982,1744.7979087754547,10800.0,833.3333333333333,829.269612275664,1.1368683772161603e-13,0.3382324003614485
2025-06-25,48145.55994352905,3135.991173351621,99.24036343106467,51380.79148031173,71593.29166894125,74415.02033858583,14.507764553916331,249.56428778280133,21344.107838220087,17601.56538952978,1,0,1961.8234945108982,1614.225671653665,1513.1952820857641,10765.467421302435,833.3333333333333,833.3333333333333,0.0,0.3118713996373117
2025-06-26,47533.07935022687,1326.8025987328197,242.15348289555646,49102.03543185525,70957.65888285004,72427.01831839624,34.721025555555684,833.7336060613476,21237.008414226868,17156.38650966976,2,0,1614.225671653665,1664.8815670470076,1465.4379879812066,10800.0,833.3333333333333,833.3333333333333,0.0,0.25628079986199737
2025-06-27,16704.6629492966,-163.8805185467885,0.0,16540.78243074981,34174.15563974873,33316.300241174955,0.0,10375.669975076167,13844.530358911521,10675.545959479405,0,0,1664.8815670470076,2263.2411573124828,1619.8592522321924,10800.0,833.3333333333333,641.4883333333332,0.0,0.23357090004719794
2025-06-28,16275.127183399287,721.3739867802386,0.0,16996.501170179527,32806.51444567744,33538.99134168275,0.0,8918.156103622188,13301.659572336048,10457.75045094216,0,0,2263.2411573124828,2615.0120491458656,1727.1655068001864,10800.0,831.6991494444444,628.0102833333333,0.0,0.22590259974822402
2025-06-29,47076.65385907401,5504.350117902108,0.0,52581.00397697612,69152.1128729905,73771.59024596274,0.0,1393.3538449091857,19621.85918904726,16511.391321327043,0,0,2615.0120491458656,1928.6949622583559,1637.3135225879864,10800.0,833.3333333333333,805.7665472348285,1.1368683772161603e-13,0.300047799712047
2025-06-30,48904.01426441301,1677.3009241906984,123.61450414166495,50704.929692745376,72340.4189738433,73652.96226990761,17.797783333333086,477.3809298057596,19483.260625609462,16167.565485507599,1,0,1928.6949622583559,1499.667874742872,1499.667874742872,10800.0,833.3333333333333,833.3333333333333,0.0,0.2923783997539431
2025-07-01,50217.149801247564,20039.853666711926,1624.2102977683858,71881.21376572788,68376.51996465586,82283.1437391403,604.6174251679396,473.46272537290236,18926.694665312574,15378.94025971058,11,0,1499.667874742872,1445.9816738457675,1200.0,10800.0,833.3333333333333,826.0795501519034,0.0,0.3625880000181496
2025-07-02,53028.73338352125,7601.979696882483,278.62282840398746,60909.33590880772,71686.48621965617,76392.44622315616,32.57623161953836,272.1752014804379,17488.949069867853,14240.86818323925,3,0,1445.9816738457675,1362.848966461004,1277.9143226708104,10800.0,833.3333333333333,833.3333333333333,1.1368683772161603e-13,0.29797879979014397
2025-07-03,60446.41962824974,6405.784735706848,61.79272546659041,66913.99708942318,80319.35216172048,84275.474408899,6.8903574338303315,226.95168735769983,20490.49009153545,16195.495945893654,1,0,1362.848966461004,1809.2945534055084,1362.848966461004,10800.0,833.3333333333333,833.3333333333333,0.0,0.303247099975124
2025-07-04,19889.1733180811,7990.497882609514,2965.508901815972,30845.180102506583,36527.97781095459,42334.72720495582,1107.7040616009388,10302.142090812074,14641.22010458698,10381.79839550896,26,0,1809.2945534055084,3451.0610969682702,1200.0,10800.0,833.3333333333333,779.2083333333333,0.0,0.20751650002785027
2025-07-05,20575.59960168462,5747.53588036362,0.0,26323.135482048237,37376.21079207258,41277.300686645496,0.0,11152.328386253434,13050.973635059796,11716.0813013344,0,0,3451.0610969682702,2179.069255928307,1536.9182662247724,10800.0,833.3333333333333,741.9765333333332,1.1368683772161603e-13,0.25732129998505116
2025-07-06,63197.11287491012,4747.483503171721,299.57066271171084,68244.16704079356,82406.14300251845,86070.46539526508,34.98092311342168,1494.921784212981,22456.651576639353,17640.108592473814,2,0,2179.069255928307,2789.9350165994833,1751.1298974030924,10800.0,833.3333333333333,833.3333333333333,0.0,0.25715620000846684
2025-07-07,62674.567506564505,-1235.5379033381782,61.55773686666492,61500.58734009299,82634.02282468915,78573.99504381334,7.304822222222015,1773.1984467359275,18637.256864547795,15238.638211914835,1,0,2789.9350165994833,2631.64595923157,1957.1782098109888,10800.0,833.3333333333333,833.3333333333333,0.0,0.2510747001506388
2025-07-08,64447.73909961292,-918.262564456134,0.0,63529.476535156784,84696.26255312325,79210.09847856325,0.0,263.3985874508153,18643.88239200053,15268.569517554779,0,0,2631.64595923157,2446.0628703045168,1622.057346386146,10739.758999250002,833.3333333333333,803.781111111111,0.0,0.28308190032839775
2025-07-09,63981.664015954244,-2056.1389526091984,0.0,61925.52506334505,84670.333279124,79274.79916085087,0.0,1054.6525510114213,19993.97098392532,15832.549390752523,0,0,2446.0628703045168,2848.9152105567237,1968.9924585532049,10800.0,833.3333333333333,795.7553111111113,0.0,0.3096876002382487
2025-07-10,61263.67250221154,-1137.1282746419918,17.86613769483396,60144.41036526439,80288.8511610275,76651.1941700928,2.0247209536303217,146.72954361111078,19441.063368164032,15788.197404062033,1,0,2848.9152105567237,2803.4306818354225,1833.0086311510074,10639.585933499999,833.3333333333333,833.3333333333333,1.1368683772161603e-13,0.2648057001642883
2025-07-11,25143.061239497787,202.7022958661867,0.0,25345.763535363974,43049.577151420446,42819.62138674508,0.0,7765.265791712423,14255.9150624373,11720.336617404646,0,0,2803.4306818354225,2611.157996468279,1482.8498169003783,10800.0,833.3333333333333,740.9250666666666,0.0,0.2458037999458611
2025-07-12,26239.528935174596,764.6295458004693,0.0,27004.158480975064,44737.16705340471,45315.38682887835,0.0,11356.287978792552,14086.49909797319,11211.643581220724,0,0,2611.157996468279,2831.6254277322337,1777.7660977989003,10800.0,833.3333333333333,725.16835,0.0,0.21728139999322593
2025-07-13,60753.79799259669,-3415.1436976914833,64.25840694444581,57402.91270184965,81906.2873049879,72222.1797442311,7.409444444444603,288.4692705420712,19283.538454346526,16610.138936213043,1,0,2831.6254277322337,1731.100107518508,1444.4420166969032,10800.0,833.3333333333333,833.3333333333333,0.0,0.24881670041941106
2025-07-14,57543.78370540025,703.801053122557,22.458783383596188,58270.04354190641,77887.34150373127,76768.64437987555,2.6542319191155457,957.1754927935237,19258.168343942943,15251.72444160847,1,0,1731.100107518508,2117.091126391077,1731.100107518508,10800.0,833.3333333333333,833.3333333333333,1.1368683772161603e-13,0.2609557998366654
2025-07-15,57980.03442487976,101.78655812275827,0.0,58081.82098300252,77708.2512161034,76603.66885486066,0.0,113.89636918839878,19355.851230291322,15615.129327952387,0,0,2117.091126391077,2187.213535928392,1863.5472697604914,10800.0,833.3333333333333,789.9843888888887,1.1368683772161603e-13,0.2487023000139743
2025-07-16,56901.9295108839,1938.2381566199688,243.1041985402908,59083.27186604416,74442.66753733509,76022.16194087395,29.0568575318581,407.5089159434755,19274.426028949776,15765.279529820773,1,0,2187.213535928392,2017.2197066267781,1858.3174495533542,10800.0,812.2474961111109,833.3333333333333,1.1368683772161603e-13,0.3452959998976439
2025-07-17,55105.49999088717,4433.526255761359,216.8007600050942,59755.82700665362,73051.57233085574,77171.44731157887,25.368682425122188,842.927460569596,20412.13141522119,16778.658948453445,1,0,2017.2197066267781,1745.1835931553549,1599.8481305010337,10800.0,833.3333333333333,833.3333333333333,0.0,0.3756661000661552
2025-07-18,24368.74010631358,-309.93849806286227,0.0,24058.801608250717,42352.06146130686,41511.31329948683,0.0,7128.993839664927,13969.612206684693,10861.540846862788,0,0,1745.1835931553549,2249.455860435148,1745.1835931553549,10800.0,815.4871938888888,742.04435,0.0,0.2393950002733618
2025-07-19,23836.543030002147,94.99982128400842,0.0,23931.542851286154,40950.19030363283,40790.184539941554,0.0,11828.284184881935,12558.990453968403,10779.90914890878,0,0,2249.455860435148,1574.870436885841,1488.682462090239,10800.0,832.7687531515772,741.6691333333333,5.684341886080802e-14,0.2714022998698056
2025-07-20,56995.400618508764,-55.09205070214,0.0,56940.30856780663,77475.29263130495,76593.28866409567,0.0,515.5863684236787,19844.427496591074,15856.703417585748,0,0,1574.870436885841,1816.2958309447567,1574.870436885841,10800.0,833.3333333333333,832.426788888889,1.1368683772161603e-13,0.33658990007825196
2025-07-21,57999.16026279726,3581.781517176387,99.13364251265804,61680.075422486305,76664.42252778268,79638.32531775191,11.668959156336655,1763.887652795273,20062.586960366407,16166.229686253444,1,0,1816.2958309447567,1910.1466661040306,1699.2533307077038,10800.0,833.3333333333333,833.3333333333333,0.0,0.29989110003225505
2025-07-22,55630.889478604375,5586.509364704085,83.42902417104598,61300.82786747951,74267.71255983657,78384.23716702359,9.82384741490091,1137.6782246054333,18988.40486818558,15527.166695019187,1,0,1910.1466661040306,1747.3036085608485,1539.431065299178,10800.0,833.3333333333333,833.3333333333333,0.0,0.306658300338313
2025-07-23,59027.51173320245,238.8578960063956,0.0,59266.36962920885,79702.66036873666,78139.8650964018,0.0,19.243073055555442,20994.4624181371,17090.38751145751,0,0,1747.3036085608485,1653.000327709222,1442.5122041995644,10381.299125438654,833.3333333333333,825.428188028398,1.1368683772161603e-13,0.33125839987769723
2025-07-24,59454.3582755778,425.85567371644703,0.0,59880.213949294244,79587.86928635341,78182.9475706563,0.0,84.9904358333331,20230.80652765082,15749.321392827851,0,0,1653.000327709222,2361.48021056401,1615.1714820302093,10508.892099661318,833.3333333333333,802.6826376524575,1.1368683772161603e-13,0.32212199992500246
2025-07-25,23380.23337181691,-173.9965281212646,0.0,23206.236843695646,40518.88667718241,40182.71623787281,0.0,11364.866183677781,13893.100826499554,11580.570338971196,0,0,2361.48021056401,1997.970577778948,1589.5759549343682,10800.0,833.3333333333333,714.62075,0.0,0.23420039983466268
2025-07-26,23101.434827027922,627.9759824822077,0.0,23729.41080951013,40046.40019272161,40485.12308013956,0.0,9787.445558655847,13014.291237934593,10785.705283117546,0,0,1997.970577778948,1726.7157106783573,1540.3800274946504,10800.0,825.532481222222,730.4740333333332,0.0,0.2216535999905318
2025-07-27,56575.599098176936,2511.631452087119,0.0,59087.23055026405,76582.65350065587,78015.04235351761,0.0,415.9716588685111,21208.92200483725,17295.04111018815,0,0,1726.7157106783573,1598.033170378378,1534.1509897302296,10800.0,833.3333333333333,805.5255277777779,0.0,0.2859539003111422
2025-07-28,57288.35254362096,6894.014064533621,0.0,64182.36660815458,77195.93211548912,83029.47940517381,0.0,1122.8539694590625,21914.397338903094,17962.649136521668,0,0,1598.033170378378,1362.491734811528,1326.9820242419732,10800.0,833.3333333333333,828.051221364849,1.1368683772161603e-13,0.28746989998035133
2025-07-29,56587.307351515745,6481.117712616356,446.70861722053564,63515.133681352636,76587.0244597008,82662.8035762636,51.25680270439784,2479.9964419242197,21236.026933848392,17071.20894680461,3,0,1362.491734811528,1506.9060343810727,1255.036639457638,10800.0,833.3333333333333,833.3333333333333,1.1368683772161603e-13,0.30322059988975525
2025-07-30,55701.12692806957,6278.312044807497,0.0,61979.43897287707,73984.04235720982,79489.06696681406,0.0,952.9125307625363,20442.035667188906,16009.135281137387,0,0,1506.9060343810727,2116.810044698433,1506.9060343810727,10800.0,833.3333333333333,818.1838497327525,1.1368683772161603e-13,0.3057150999084115
2025-07-31,56123.35677091348,3522.1205331824854,3.485898648554802,59648.96320274452,75639.89532765764,78953.60048895315,0.4232771111110196,687.462574462204,20803.25532088783,17231.690395952435,1,0,2116.810044698433,1693.4171713281087,1380.022972192307,10800.0,833.3333333333333,833.3333333333333,1.1368683772161603e-13,0.2920167001429945
2025-08-01,23701.22164619706,14.334156973596322,0.0,23715.555803170657,41172.53253165876,40594.996204601695,0.0,15973.34364510909,14215.661148857589,10845.368256031652,0,0,1693.4171713281087,2437.1030319314386,1663.0566184268741,10800.0,833.3333333333333,725.0833333333333,0.0,0.2517097000963986
2025-08-02,22583.91752742136,-193.55214886849845,0.0,22390.365378552862,39610.73137014443,39145.1220651897,0.0,16422.44835113606,12767.113051081991,10971.464270361685,0,0,2437.1030319314386,1736.9889219478046,1536.4913424547788,10800.0,833.3333333333333,720.14,0.0,0.2634252000134438
2025-08-03,51860.08081527002,-434.3540245468612,1055.2869929816288,52481.01378370479,70653.51551506232,68131.70133807194,221.30681411711618,2521.2257557378502,18292.59180458366,15300.289391465785,9,0,1736.9889219478046,1200.0,1200.0,10800.0,833.3333333333333,833.3333333333333,1.1368683772161603e-13,0.2948894000146538
2025-08-04,52707.46611732288,942.5580531732583,0.0,53650.02417049614,70512.48002268541,69788.98750805919,0.0,154.25704081917385,18490.617180733367,14271.541796826688,0,0,1200.0,1984.2867995192642,1200.0,10800.0,833.3333333333333,792.2792832929247,1.1368683772161603e-13,0.32213399978354573
2025-08-05,50794.053039911996,1937.413571489239,0.0,52731.466611401236,67601.82954188323,69997.085226678,0.0,1602.462157594281,18217.014247947234,14974.700912196844,0,0,1984.2867995192642,1741.0430535641685,1730.4185535641684,10800.0,833.3333333333333,822.6534486208612,1.1368683772161603e-13,0.31103680026717484
2025-08-06,53068.226991212054,2500.7627239214808,0.0,55568.98971513353,69600.99316464514,71943.00632776396,0.0,94.66773407436608,18697.57012600121,14963.630798978278,0,0,1741.0430535641685,1942.599723656059,1732.1767794219234,10753.705819909716,833.3333333333333,810.4742238630208,1.1368683772161603e-13,0.27158069983124733
2025-08-07,51371.38536122076,1383.9970742058117,503.4438290800956,53258.82626450667,70939.28796610612,68258.50210207445,97.7291190898998,1352.9684940063437,18788.412843210477,15173.135366052484,4,0,1942.599723656059,1993.1319869316187,1200.0,10800.0,833.3333333333333,833.3333333333333,0.0,0.3190489001572132
2025-08-08,21919.589710904853,152.30623233704733,0.0,22071.8959432419,39161.99967761447,39306.65909652134,0.0,20510.79595777849,14091.883997672065,11071.19210892921,0,0,1993.1319869316187,2374.50301935958,1749.1514943075554,10800.0,833.3333333333333,720.2655166666666,0.0,0.25558279966935515
2025-08-09,21680.183250625963,253.86259969576318,0.0,21934.045850321727,38307.85172169443,38411.09830373418,0.0,17777.272392749936,13316.26815981489,11604.371248830646,0,0,2374.50301935958,1465.3985311589295,1404.2986356033746,10800.0,794.5039699999998,700.3216666666665,0.0,0.2706562001258135
2025-08-10,50037.89760569054,3906.4390264881467,529.4109176997976,54473.74754987848,65831.80540524141,69665.3957312921,61.0891057695369,686.421555205156,18249.36858890376,14513.924357047275,2,0,1465.3985311589295,1763.2476422308905,1465.3985311589295,10800.0,833.3333333333333,833.3333333333333,0.0,0.32188140018843114
2025-08-11,48277.29035285425,5152.730639143923,62.97867494563097,53492.999666943804,65273.12740056506,70683.77235090979,7.2284505126757495,2637.85882654125,18453.981150613818,14962.092509065944,2,0,1763.2476422308905,1747.2834454878328,1599.1321506259521,10800.0,833.3333333333333,833.3333333333333,0.0,0.29368249978870153
2025-08-12,50823.758050181015,4605.279310462847,0.0,55429.037360643866,67883.03450778752,71741.03883000622,0.0,340.90177993344156,18287.162968084784,14647.569568011999,0,0,1747.2834454878328,1930.6528189730268,1555.3418347948777,10800.0,833.3333333333333,832.6094907617015,1.1368683772161603e-13,0.29853949998505414
2025-08-13,49456.65278726931,4602.874966793911,0.0,54059.52775406322,66030.0781070525,70957.74016350764,0.0,1007.2206880516426,18002.582200673874,14173.04217521789,0,0,1930.6528189730268,2385.1521604485306,1751.8519505393565,10800.0,833.3333333333333,790.8344020971914,0.0,0.2674762001261115
2025-08-14,50612.03184461943,4259.350889129924,288.69543309522453,55160.07816684458,67136.76421642632,71294.5541023541,33.21392465430563,2426.3266289556796,17913.168910136712,14938.018495417324,1,0,2385.1521604485306,1909.205851330101,1566.7371254799343,10800.0,833.3333333333333,833.3333333333333,1.1368683772161603e-13,0.2955805000383407
2025-08-15,22371.847231035135,432.65757228411667,0.0,22804.50480331925,39216.555927228444,39321.64146956938,0.0,19502.580144409112,13687.100026189279,11027.76558436234,0,0,1909.205851330101,1974.523003386737,1579.5920981203765,10800.0,823.7203,707.0260333333333,0.0,0.2361857001669705
2025-08-16,22387.719962608753,175.95401289373723,0.0,22563.67397550249,39266.47283283137,39007.083354224436,0.0,20016.776547357756,13120.42415998505,11059.397719785033,0,0,1974.523003386737,1494.6850587232489,1371.494188380762,10800.0,818.039301111111,731.895,5.684341886080802e-14,0.2379760998301208
2025-08-17,50995.6331566401,520.3833766010057,290.1724478876097,51806.18898112872,68932.17492043368,68679.72391287888,35.5284796666665,2151.0668868621997,18571.911221041417,15173.11933202473,2,0,1494.6850587232489,1350.3836776330393,1350.3836776330393,10800.0,833.3333333333333,833.3333333333333,0.0,0.26464389986358583
2025-08-18,50942.76874281971,1649.804804362715,327.78133908094594,52920.35488626337,67298.21538889782,69006.99979964946,39.19422923364175,285.85948247527796,19594.485395732558,15228.26646599138,1,0,1350.3836776330393,2065.1244604685844,1350.3836776330393,10800.0,833.3333333333333,833.3333333333333,0.0,0.3052652997430414
2025-08-19,50300.58826907225,2806.3505113049036,672.2210150848766,53779.15979546203,66267.45382354804,69436.73693270078,79.63509328643943,2095.670663281001,17842.26175812843,14739.220445422208,3,0,2065.1244604685844,1746.2484367594916,1567.0863427676968,10800.0,833.3333333333333,833.3333333333333,1.1368683772161603e-13,0.2918795000296086
2025-08-20,52031.0867953543,6206.723982373854,0.0,58237.810777728155,69160.79293922875,75417.28135528708,0.0,768.729300509532,20013.115540150022,16015.25455203914,0,0,1746.2484367594916,1963.3251428510289,1708.2764475002327,10800.0,833.3333333333333,821.1515110185738,0.0,0.2817855996545404
2025-08-21,51114.62334195349,1159.5788534229332,0.0,52274.20219537643,69131.98748755142,70160.26080639617,0.0,759.2367959270446,18918.336776917116,15361.731249781307,0,0,1963.3251428510289,1921.2379645416408,1631.808894296759,10800.0,833.3333333333333,817.0059081129896,0.0,0.32306830026209354
2025-08-22,22554.515552702804,664.1639797193955,0.0,23218.6795324222,39539.96056368586,39965.85961832671,0.0,16184.715213349089,13701.294271065792,11150.71926608817,0,0,1921.2379645416408,1862.7147350695539,1532.024682391655,10800.0,811.6344444444443,751.1733333333333,5.684341886080802e-14,0.21072399988770485
2025-08-23,21960.933036374576,506.0282439294667,0.0,22466.961280304044,39448.743931409685,39793.17504792499,0.0,14980.43810674736,13250.29706243337,10967.566271255748,0,0,1862.7147350695539,1601.7973454198661,1601.7973454198661,10800.0,807.5858786666665,698.8283333333334,0.0,0.19489470031112432
2025-08-24,52000.04096985757,949.6808132493886,0.0,52949.72178310696,69238.04021304005,69357.795410324,0.0,1671.928222521612,19725.986922420405,15773.70921795134,0,0,1601.7973454198661,1828.8420000967421,1601.7973454198661,10800.0,833.3333333333333,810.5831221523243,0.0,0.3023015996441245
2025-08-25,56689.83110273275,-584.8755241674019,0.0,56104.95557856535,77280.26853441622,75281.05576424568,0.0,622.2065316975359,20440.312636002796,16554.550420121308,0,0,1828.8420000967421,1831.1784612533645,1776.4011753528682,10800.0,833.3333333333333,809.4566833333333,1.1368683772161603e-13,0.289911899715662
2025-08-26,51467.58060659662,1744.6942542810566,0.0,53212.274860877675,68756.71185373861,70102.61550459343,0.0,719.7285077658075,18996.9138425257,15142.845229031413,0,0,1831.1784612533645,2103.017331713816,1796.1650476931152,10800.0,833.3333333333333,823.2311908172851,1.1368683772161603e-13,0.24037210014648736
2025-08-27,51474.68716548916,4105.368497216397,0.0,55580.055662705556,69473.89163714962,73200.66825588713,0.0,2124.5101361062652,18962.42947246731,15800.420219353105,0,0,2103.017331713816,1613.1813909864995,1572.8829976629263,10800.0,833.3333333333333,814.6543052222207,1.1368683772161603e-13,0.2984174001030624
2025-08-28,51625.61045702099,7499.130759050695,0.0,59124.74121607169,70016.3342287379,77375.04363402368,0.0,2546.7564851394804,20125.435682000392,16064.94351644952,0,0,1613.1813909864995,1876.1362642873876,1565.996585091507,10800.0,833.3333333333333,806.8959663685769,1.1368683772161603e-13,0.3055761002469808
2025-08-29,23359.815311461338,-260.45432352703745,0.0,23099.360987934302,41366.35980827171,40922.150537256224,0.0,15419.721074278421,15100.02237029551,12152.8132573177,0,0,1876.1362642873876,1963.030556089232,1629.176035819838,10800.0,824.9145975555555,729.1532333333332,0.0,0.25285609997808933
2025-08-30,23194.34309927377,-117.3725281538753,0.0,23076.970571119895,40472.741333638915,40221.82098408171,0.0,19691.924435322017,13518.61647204869,11501.439756622327,0,0,1963.030556089232,1350.407873574913,1261.1350550398504,10800.0,833.3333333333333,703.5511333333334,0.0,0.24519799975678325
2025-08-31,51312.051538801294,1247.8200385706746,169.50947713435653,52729.381054506324,69627.38919404242,71303.80925482314,20.34141397588178,320.05513056352095,21146.909133071502,16789.436678169346,2,0,1350.407873574913,1727.6964509288782,1350.407873574913,10800.0,833.3333333333333,833.3333333333333,0.0,0.29022329999133945
2025-09-01,47258.425384071365,-2649.910509405113,0.0,44608.51487466625,72289.85586275102,65028.64755719368,0.0,5393.303156024891,19539.53371407684,13478.323846241368,0,0,1727.6964509288782,4337.3614088854,1727.6964509288782,10800.0,833.3333333333333,797.4020387703631,1.1368683772161603e-13,0.2963019998278469
2025-09-02,40945.94979567111,-836.215309573359,0.0,40109.734486097754,61039.02423835984,59405.59851088397,0.0,2582.735250617422,18220.0742986715,15454.966888404952,0,0,4337.3614088854,3563.242846128693,2256.3113987814863,10800.0,833.3333333333333,789.8089798549582,1.1368683772161603e-13,0.2695083001162857
2025-09-03,39542.9461785781,166.6842169771642,0.0,39709.630395555265,58130.57359950685,57983.353570053085,0.0,371.75164780110543,16898.961209418136,14835.076537166153,0,0,3563.242846128693,2288.889559975962,1846.6011850994198,10800.0,833.3333333333333,817.5927981797149,1.1368683772161603e-13,0.2420090998057276
2025-09-04,37063.577529776536,2504.382998490629,0.0,39567.96052826716,56247.7707263591,58132.21674917892,0.0,824.1956766207188,19276.571406084302,15894.115883526094,0,0,2288.889559975962,1977.6750659783984,1620.1435628541283,10800.0,815.1161111111112,818.3190999999999,1.1368683772161603e-13,0.2749284999445081
2025-09-05,19739.84844827281,-1355.4263911411872,0.0,18384.422057131622,39932.04459957647,36996.48119849204,0.0,24756.85017431669,15526.46302298096,10111.093665472283,0,0,1977.6750659783984,4716.943269469834,1977.6750659783984,10800.0,833.3333333333333,588.7583333333333,0.0,0.2097828001715243
2025-09-06,16537.756544995584,-684.3534581980038,0.0,15853.40308679758,33261.428465337114,31831.340075536053,0.0,22405.88334465622,12407.366653941335,10702.993623061502,0,0,4716.943269469834,3991.358121282031,2571.647140376613,10800.0,809.8233478134454,588.4176,5.684341886080802e-14,0.1897250998299569
2025-09-07,34951.99825553061,4304.447027840425,0.0,39256.44528337104,52952.4538542283,56962.65195624926,0.0,771.9579859706075,16245.948902733297,15016.238549121306,0,0,3991.358121282031,1928.0026347183323,1649.7587173998763,10800.0,833.3333333333333,827.8487741658798,1.1368683772161603e-13,0.25501900003291667
2025-09-08,36981.519104754545,8279.430934462642,0.0,45260.95003921719,55760.75059951312,64013.0972251138,0.0,1073.6118249583096,18739.02781049301,15195.111943670847,0,0,1928.0026347183323,1909.6699489722082,1706.1428601983957,10800.0,833.3333333333333,806.5949999999999,1.1368683772161603e-13,0.25181080028414726
2025-09-09,36244.6184023041,5373.139784858509,0.0,41617.75818716261,54877.7275922771,59061.684796644535,0.0,2907.719958118919,18502.99109100264,15451.860519143684,0,0,1909.6699489722082,1393.628020714932,1317.7206760235747,10800.0,767.7896591644121,815.685,0.0,0.2532847998663783
2025-09-10,38242.50836413891,8047.669861407747,0.0,46290.17822554665,57879.23278426789,64986.878499012506,0.0,30.91405555555548,18838.799978485775,15198.834185028823,0,0,1393.628020714932,1460.954462431215,1393.628020714932,10230.289182783043,833.3333333333333,815.7616666666665,0.0,0.26818000013008714
2025-09-11,39018.264111527475,1060.226447693228,145.606546566667,40224.09710578737,59230.06399026264,59652.8834778921,22.39411666666672,2064.2162963620685,20553.086846546154,16438.11133168279,1,0,1460.954462431215,1694.1644780085453,1375.4343933171876,10800.0,833.3333333333333,833.3333333333333,1.1368683772161603e-13,0.248051299713552
2025-09-12,17579.25329110107,-81.43907352867996,0.0,17497.81421757239,37883.531545779944,37669.37150843654,0.0,18539.47617901886,18180.74750464322,10602.508375225541,0,0,1694.1644780085453,6276.272370825727,1694.1644780085453,10800.0,833.3333333333333,583.2223166666666,0.0,0.20549229974858463
2025-09-13,15100.583233505396,1188.5736057347663,0.0,16289.156839240162,33732.83856303794,34644.493059496344,0.0,21257.50742744623,18261.068093990252,12881.183945273475,0,0,6276.272370825727,8398.807049557536,1725.8568795575366,10800.0,833.3333333333333,571.3068333333333,0.0,0.25989290000870824
2025-09-14,37488.947867996234,2653.9847272249185,0.0,40142.93259522115,53966.35638675076,56793.564090935804,0.0,734.6182169289712,11598.753776266367,15639.132652259534,0,0,8398.807049557536,1460.8713901311198,1422.0651851311197,10800.0,833.3333333333333,820.9600666666666,0.0,0.23660289985127747
2025-09-15,39613.396566858035,1980.184010195795,0.0,41593.58057705383,59861.361600469114,61540.55809386955,0.0,2313.1198323247063,20015.5728804252,15855.165252213688,0,0,1460.8713901311198,1858.036702276363,1460.8713901311198,10800.0,833.3333333333333,826.7233333333332,0.0,0.2267911999952048
2025-09-16,42166.603243639096,1831.3295127444353,46.875854690316075,44044.80861107385,63687.31703761437,65126.800180314116,6.955390561661261,1798.9352435264568,19235.508292694183,15392.457948678191,1,0,1858.036702276363,2067.2631116142493,1507.6383081979714,10800.0,831.898561111111,833.3333333333333,1.1368683772161603e-13,0.22674719989299774
2025-09-17,41951.32159551891,1825.2198532997684,0.0,43776.54144881868,62714.20295036687,64318.25993899118,0.0,1027.538566897824,19119.810451808364,15789.207479715009,0,0,2067.2631116142493,1731.5286518917749,1600.7853259041208,10800.0,833.3333333333333,832.741101111111,0.0,0.2449378001037985
2025-09-18,39999.40643503589,4147.949331534674,0.0,44147.35576657056,60721.50082105434,65478.43990500243,0.0,2887.726997464342,19595.107616694928,15960.445825823506,0,0,1731.5286518917749,1633.2968115577576,1228.587980474424,10800.0,833.3333333333333,824.5733333333333,1.1368683772161603e-13,0.2763502998277545
2025-09-19,18031.25306928871,1447.0479476849146,0.0,19478.301016973623,41119.98586573843,42647.101614379826,0.0,14512.051034327482,22882.97827673518,10849.280013349507,0,0,1633.2968115577576,10173.22169023108,1633.2968115577576,10800.0,833.3333333333333,545.1881666666666,0.0,0.2385822997894138
2025-09-20,14854.13323478926,1383.5847709794473,0.0,16237.718005768707,32040.916184250087,33473.6303174574,0.0,15297.250866156417,18310.930225149095,15779.984507181452,0,0,10173.22169023108,9119.742773774764,1564.3230543811503,10800.0,833.3333333333333,572.0883333333334,0.0,0.2349177000578493
2025-09-21,39501.36030499761,6267.885279704413,58.02559500000035,45827.27117970202,56909.14290940315,61677.50039606366,8.44500000000005,8029.95187450672,8643.878963650175,13275.372925426567,1,0,9119.742773774764,2148.8194794748442,1794.9434990242262,10800.0,833.3333333333333,833.3333333333333,0.0,0.2809882997535169
2025-09-22,43886.595019536544,4538.200733306035,0.0,48424.795752842576,65612.5345377863,68083.45493337781,0.0,4211.308188020459,17561.19512475494,14303.068262730922,0,0,2148.8194794748442,2061.597022053267,1924.6275154469145,10800.0,833.3333333333333,796.3729499999998,0.0,0.28920819982886314
2025-09-23,43144.84982615125,5072.852179852712,50.310403057087406,48268.012409061055,64822.50077350186,68353.96422508082,7.769346468548747,3240.246009766868,17883.032355565632,14878.160377116445,1,0,2061.597022053267,1625.0368341551791,1310.782005187449,10800.0,833.3333333333333,833.3333333333333,0.0,0.2270645999815315
2025-09-24,42181.90787732259,5751.346904144617,0.0,47933.25478146721,63485.55849925226,67886.91701646456,0.0,2596.645024137538,18464.500713427467,14237.453821100444,0,0,1625.0368341551791,2423.694341683845,1625.0368341551791,10800.0,833.3333333333333,804.6233333333332,0.0,0.2793638000730425
2025-09-25,42825.55268277625,100.72089554877502,0.0,42926.273578325025,64427.23439163924,63820.134291704235,0.0,314.35510990951,20081.869795558676,16911.53951376395,0,0,2423.694341683845,1706.777697948928,1305.3829861288768,10800.0,833.3333333333333,803.0249999999999,0.0,0.2589167000260204
2025-09-26,18269.146015334685,-259.767013066753,0.0,18009.37900226793,42647.26792948418,42017.52934480655,0.0,12039.378999067478,24067.859831291164,11783.952985552085,0,0,1706.777697948928,10274.570451053107,1706.777697948928,10800.0,811.5944388888888,562.1766666666666,5.684341886080802e-14,0.22305940021760762
2025-09-27,15653.53638956429,518.1281581172607,0.0,16171.66454768155,33734.44793918289,34230.25998465768,0.0,12912.448184588957,20358.309677711703,16841.800127642975,0,0,10274.570451053107,9883.937908056998,1352.8316911300633,10800.0,833.3333333333333,555.8651,0.0,0.2381313000805676
2025-09-28,40803.173589293445,897.9458263574542,40.07191416666671,41741.191329817564,58038.702834768075,59103.46843880334,5.868333333333339,290.2016675225025,12470.217988281915,17138.7120503344,1,0,9883.937908056998,2064.1207082502783,1907.4948509135763,10581.789491411439,833.3333333333333,833.3333333333333,0.0,0.292149499990046
2025-09-29,44807.83962686679,1029.787459936709,142.85538336666704,45980.482470170165,67571.92414530173,66256.44675176659,26.015016666666725,83.56281764181881,19811.670246398888,16372.662895607446,2,0,2064.1207082502783,1702.7762682232215,1459.6066089416997,10405.106016548147,833.3333333333333,833.3333333333333,0.0,0.2916824999265373
2025-09-30,44330.44751182494,4918.862563202234,209.13543670000087,49458.44551172717,66771.79645988416,71134.66158960488,31.411150000000134,1424.486196085867,21189.04789323884,16869.63611638649,1,0,1702.7762682232215,2028.87924281985,1696.9853817631044,10800.0,833.3333333333333,833.3333333333333,0.0,0.31104019982740283
2025-10-01,42286.429780875216,1397.8086695678362,0.0,43684.23845044305,66246.09179225817,65257.61331258926,0.0,10275.334699110299,18600.583889076595,13279.826808930968,0,0,2028.87924281985,4014.041621954378,2028.87924281985,10800.0,833.3333333333333,809.797222222222,0.0,0.31756170000880957
2025-10-02,40442.82537241481,-1810.5879991138831,0.0,38632.23737330092,63656.507130079845,57515.833658693926,0.0,2667.649488240216,18463.083784425937,15345.682730638888,0,0,4014.041621954378,3580.058438338961,1880.4300679624732,10800.0,833.3333333333333,817.8149999999999,1.1368683772161603e-13,0.28179499972611666
2025-10-03,16135.263511673913,-131.97399986416855,0.0,16003.289511809744,39017.28918731334,38744.75836241992,0.0,20405.322249309702,21180.71056639621,10658.428153285993,0,0,3580.058438338961,10800.0,2026.0774529506127,10800.0,833.3333333333333,498.67564999999996,0.0,0.24064630013890564
2025-10-04,13651.402379830803,198.81992835622526,0.0,13850.222308187027,31862.601630550067,31910.822630715986,0.0,15004.414556052452,20054.871796474745,16244.44615514455,0,0,10800.0,10800.0,1271.9801552469194,10800.0,833.3333333333333,501.82,5.684341886080802e-14,0.24731260002590716
2025-10-05,34363.19019059839,152.22670743554946,0.0,34515.41689803394,51329.88320159699,49610.123106924875,0.0,350.03416245466303,10514.705863922416,15990.57798611887,0,0,10800.0,2495.9264040647604,2066.507904501626,10800.0,509.20833333333337,814.7683999999999,0.0,0.29982679965905845
2025-10-06,36300.03188701601,4485.048818464604,4965.60281709081,45750.683522571424,56693.80959556313,60822.53762539054,941.6957049999959,585.6063040393092,20448.378380990485,17002.860604639245,7,0,2495.9264040647604,2007.3996084681419,1200.0,10644.86233384228,833.3333333333333,800.0201833333333,0.0,0.26859019976109266
2025-10-07,36655.09705557485,3389.041883565655,4363.004464644049,44407.143403784554,58272.428953839815,61317.40199237559,805.075634611105,83.80458147408501,21249.613096292596,16982.503050779975,6,0,2007.3996084681419,2262.6035609315077,1200.0,10787.16090917173,833.3333333333333,810.2468,0.0,0.23977370001375675
2025-10-08,36901.829904145474,2187.672710299468,242.3247449406017,39331.82735938555,58019.88286971444,60539.182409626395,47.556308786668296,235.31264301307775,20745.507462439535,16872.57705370621,2,0,2262.6035609315077,2186.2524396757512,1200.0,10800.0,833.3333333333333,821.6677166666666,0.0,0.2490027998574078
2025-10-09,38858.62600988488,926.0611466636833,0.0,39784.68715654856,61055.14407461954,60293.34451015144,0.0,1126.1016650601737,19587.727383322766,16180.466221564837,0,0,2186.2524396757512,1836.9112829275346,1506.8673773062774,10800.0,833.3333333333333,804.0082833333333,0.0,0.23514320002868772
2025-10-10,15848.142995417322,1820.8112213854142,0.0,17668.954216802736,40265.031733043834,41880.386754564606,0.0,20019.12243409934,23772.696714283957,11255.043310485347,0,0,1836.9112829275346,10726.734647466033,1836.9112829275346,10800.0,833.3333333333333,471.35151666666667,5.684341886080802e-14,0.2546566999517381
2025-10-11,12332.552811899934,1943.2791200073189,0.0,14275.831931907253,30533.256025630566,32284.213102653674,0.0,15552.714405824798,18778.99350791372,16153.808394418182,0,0,10726.734647466033,9679.152810790409,1248.8643327192895,10800.0,833.3333333333333,496.5483333333333,0.0,0.22762610018253326
2025-10-12,33585.66947783643,5153.243381921047,146.21980440360866,38885.132664161094,50013.84660454909,55105.59693159058,47.905909699913785,2337.2419865365655,10171.275795431393,15869.970924010795,2,0,9679.152810790409,1200.0,1200.0,10800.0,833.3333333333333,833.3333333333333,0.0,0.2757674001622945
2025-10-13,39703.86525037451,4316.758113311081,0.0,44020.62336368559,62482.10332783974,65591.92152610415,0.0,2957.519038954415,20752.597652491888,15145.590465342142,0,0,1200.0,3048.9040368625383,1200.0,10800.0,833.3333333333333,797.8655555555554,0.0,0.2543041000608355
2025-10-14,39481.23115626344,6112.342420762398,0.0,45593.57357702584,60819.65064176915,65824.01862711666,0.0,2103.560079208938,18116.94908624053,15170.319821666131,0,0,3048.9040368625383,2498.2473015166483,1818.5518157141787,10800.0,833.3333333333333,790.1196344467592,0.0,0.23610619991086423
2025-10-15,41428.68305396821,6087.679764774609,0.0,47516.36281874282,64510.166372366504,68600.32212037747,0.0,2798.3227151459414,18940.409312645657,15058.433557414124,0,0,2498.2473015166483,2813.0228413264836,1756.275951388212,10800.0,833.3333333333333,785.1266666666667,0.0,0.2712218996603042
2025-10-16,42800.90595132705,10654.470546693194,0.0,53455.37649802024,67194.94306277628,74736.73137003576,0.0,5874.1952489722335,21118.13704683738,15222.07387577385,0,0,2813.0228413264836,4905.930765953623,1620.103611055254,10800.0,833.3333333333333,795.1683333333333,0.0,0.2959121996536851
2025-10-17,15362.367891349098,1750.6563014242838,0.0,17113.02419277338,37466.094346450736,39136.48782027203,0.0,14666.514819105214,20300.838653128412,11835.064968628265,0,0,4905.930765953623,10026.613366404452,1569.306931807695,10800.0,833.3333333333333,489.10518333333334,0.0,0.2294067998882383
2025-10-18,13913.45618456527,-101.71289384634197,0.0,13811.743290718929,33265.52677646675,33016.442710909614,0.0,12719.309780940872,20016.46115480494,15795.921491502864,0,0,10026.613366404452,10490.404526281272,1708.9694415086408,10800.0,833.3333333333333,477.1733333333333,5.684341886080802e-14,0.27848979993723333
2025-10-19,40044.3415442635,1960.2716951182651,0.0,42004.61323938177,58813.815931251316,59534.6136631691,0.0,201.57834481720397,12606.839853594614,17159.52706857605,0,0,10490.404526281272,2770.419207209699,1432.9469671541424,10688.872601341971,833.3333333333333,825.5608333333333,0.0,0.2954830997623503
2025-10-20,44490.29451809986,161.61061094585347,4330.874450662196,48982.77957970791,68584.56777110357,68245.93411837026,812.1344998211066,1013.2991084531374,21174.703111828218,17570.715968756645,6,0,2770.419207209699,2304.6342647921606,1200.0,10800.0,833.3333333333333,819.6775666666667,0.0,0.25606009969487786
2025-10-21,45521.957687226124,3403.229954412809,1661.1717664339042,50586.359408072836,69456.01153323916,72515.43175536694,316.6770873879152,1892.9413099858068,21589.365121864423,17112.77893909537,4,0,2304.6342647921606,2720.864053253067,1200.0,10800.0,833.3333333333333,831.9733333333334,0.0,0.2954395997803658
2025-10-22,45317.00236642253,1510.5507387687194,3285.467033937686,50113.02013912893,69094.19747682159,70024.92455884333,625.5123626510499,1244.0505799318357,20834.713841751734,16983.224200189197,5,0,2720.864053253067,2601.8573995082925,1200.0,10800.0,833.3333333333333,809.3316666666666,0.0,0.2645556000061333
2025-10-23,46516.70618068501,-921.5986673862917,0.0,45595.10751329872,71905.56951326653,67485.18132380323,0.0,40.55512299061354,20003.787686255102,15938.658518775816,0,0,2601.8573995082925,2895.64574072031,1658.1889244000995,10460.190048879018,833.3333333333333,818.0559833333333,0.0,0.268447799840942
2025-10-24,16271.604904890244,327.93206156486303,0.0,16599.536966455107,40858.93115766626,41100.01943495379,0.0,11305.233107303884,24706.987823365635,13332.252212382402,0,0,2895.64574072031,10318.32121243561,1495.021096686561,10800.0,833.3333333333333,509.03313333333335,5.684341886080802e-14,0.2545344000682235
2025-10-25,13750.98658102797,107.8825837440136,0.0,13858.869164771984,33529.46319740428,33607.51052538033,0.0,10461.338786145303,19900.49737699931,16152.758371097621,0,0,10318.32121243561,10281.259550515411,1555.8663109597946,10800.0,833.3333333333333,485.56499999999994,0.0,0.27837080019526184
2025-10-26,42380.85355885716,-352.5839466438207,0.0,42028.26961221334,61638.43358529199,60354.92636369364,0.0,362.20721160636344,11726.409405173534,16278.00226975292,0,0,10281.259550515411,2748.358826557237,1879.6411445202002,10800.0,820.0493319999997,830.1616666666666,0.0,0.2251176000572741
2025-10-27,44024.174949237546,2357.6812255853442,27.83163177083341,46409.68780659372,67460.69739980111,68148.0035660742,5.301263194444459,1224.9963163800694,20291.715147173047,16915.98830095114,1,0,2748.358826557237,2215.3599024005975,1524.9197130796101,10800.0,833.3333333333333,833.3333333333333,0.0,0.2894271002151072
2025-10-28,44291.58094105584,4358.494566193772,0.0,48650.07550724962,67357.5836339815,71672.86608563355,0.0,1409.2162558578455,21426.360914490953,17135.13278471525,0,0,2215.3599024005975,2460.0482979810677,1633.6877032897091,10800.0,833.3333333333333,817.4999999999999,0.0,0.2966941997874528
2025-10-29,46057.49763294453,6556.243724027976,0.0,52613.7413569725,69505.60136535243,75374.5576322237,0.0,2178.6335544543062,21410.94572617662,17527.27844840722,0,0,2460.0482979810677,2255.1456199764416,1505.0719140505153,10800.0,833.3333333333333,805.66,0.0,0.32102879974991083
2025-10-30,45721.52298094495,1549.504501401695,0.0,47271.027482346646,68620.94498581355,70243.80509083666,0.0,1041.9628594792684,21778.892521419886,17364.867940062482,0,0,2255.1456199764416,2561.8511780738136,1725.8049714071467,10800.0,833.3333333333333,810.91675,0.0,0.2883729003369808
2025-10-31,17203.43787214948,114.18756263082773,0.0,17317.625434780308,42356.68491696413,42371.36626137461,0.0,6423.362715791434,25526.065689299878,13482.354210383362,0,0,2561.8511780738136,10554.91673135108,1526.9109525568756,10800.0,833.3333333333333,487.62166666666667,0.0,0.21081670001149178
2025-11-01,14413.388177721143,56.442323542265,0.0,14469.830501263408,34381.974318211374,34331.8858506505,0.0,7799.848369064913,20112.41634983277,16124.417301580517,0,0,10554.91673135108,10740.072222222223,1740.4569826004317,10800.0,833.3333333333333,465.2955833333333,0.0,0.25084999995306134
2025-11-02,43666.86631217206,2586.4952000445073,0.0,46253.361512216565,62385.66973562093,64754.000025572364,0.0,952.5389649917981,14106.798891542414,19101.721764295176,0,0,10740.072222222223,2212.0559309490905,1448.8001231210158,10800.0,833.3333333333333,810.7116666666667,0.0,0.2974020999390632
2025-11-03,49120.60131883725,1106.450376135206,0.0,50227.051694972455,73401.7762122798,74432.20230888753,0.0,457.2839381192052,21060.71594139452,16590.72785395951,0,0,2212.0559309490905,2732.5582182491466,1725.186274623194,10800.0,833.3333333333333,783.0415901520656,0.0,0.25389220006763935
2025-11-04,48366.59801245754,637.8825175860478,54.95305083333335,49059.433580876925,72825.04570832883,71820.83521727429,11.62166666666667,197.77596867797297,21269.4015832452,17214.792701315535,1,0,2732.5582182491466,2747.472197263684,1346.1897070784999,10555.723410244447,833.3333333333333,833.3333333333333,0.0,0.2675749999471009
2025-11-05,49735.38298172224,11.658622782692206,29.197594729332515,49776.23919923427,73573.32936573512,73550.08284887881,5.436662271545018,432.2979131876427,20774.260876981465,17329.059345685408,1,0,2747.472197263684,2189.7966024521083,1200.0,10800.0,833.3333333333333,818.6800766309923,0.0,0.3026229999959469
2025-11-06,49841.79765833431,2279.1239611327733,1927.6964643991669,54048.618083866255,73429.60966511245,75531.14123031718,367.85303271973567,635.9480788262674,21912.299904480264,18018.83827026959,5,0,2189.7966024521083,1889.9351050736914,1200.0,10800.0,833.3333333333333,791.6363888888885,0.0,0.25190550019033253
2025-11-07,17526.137529908105,282.05707488955767,0.0,17808.194604797663,43513.7609842657,43711.84986137136,0.0,7306.203034682113,27010.148528120553,13922.96348476464,0,0,1889.9351050736914,10729.109352865928,1211.2044588516446,10800.0,833.3333333333333,491.60833333333335,0.0,0.204797999933362
2025-11-08,14704.630452520092,-59.67274257144642,0.0,14644.957709948645,34673.43753495614,34297.79436349059,0.0,7174.899083086418,19564.828728359396,16233.140547955223,0,0,10729.109352865928,10300.632377328026,1759.772802493212,10800.0,833.3333333333333,481.41166666666663,5.684341886080802e-14,0.23593130009248853
2025-11-09,46222.220012622885,1796.5401447705876,0.0,48018.76015739347,64820.41905192191,66044.45930776416,0.0,112.33020138888924,11688.696214579499,17103.38429153755,0,0,10300.632377328026,1816.69864651896,1606.227150572775,10757.572297962522,833.3333333333333,788.5279438343365,0.0,0.30549110006541014
2025-11-10,51607.010811580716,4189.48961564121,0.0,55796.50042722192,75004.06513600814,78457.26245054409,0.0,606.0045263895918,21328.461777182638,17335.646953028132,0,0,1816.69864651896,1750.484298174306,1612.5769904582564,10800.0,833.3333333333333,807.7445136033949,0.0,0.23184740007854998
2025-11-11,52585.579187309326,252.2577967329081,0.0,52837.83698404223,77223.17906507361,76387.26480037489,0.0,283.1257034434443,20847.77427155717,16302.654841292388,0,0,1750.484298174306,2399.420207806446,1750.484298174306,10667.262643088889,833.3333333333333,793.5968007366705,0.0,0.2541553000919521
2025-11-12,51402.65140794698,842.2640207131483,0.0,52244.915428660126,75445.27301773203,75267.90190771702,0.0,162.7428462530553,21049.306858511423,16900.135547047452,0,0,2399.420207806446,2565.867994858439,1675.1583696732544,10632.330153746909,833.3333333333333,805.0685277777775,0.0,0.2814099998213351
2025-11-13,51422.33243770395,2185.451181421114,0.0,53607.78361912507,74793.4338085473,76453.58676737375,0.0,13.455046111111074,20774.81494558921,16730.55454099324,0,0,2565.867994858439,2673.696400340689,1601.543150032047,10621.849377763983,833.3333333333333,811.9018977237654,0.0,0.25934739992953837
2025-11-14,17494.880024034566,232.48461215096253,0.0,17727.364636185528,43530.610490628285,43702.17277499061,0.0,4172.609113645714,25991.679354049105,14060.570992704206,0,0,2673.696400340689,10443.351160424667,1546.986835617892,10800.0,833.3333333333333,474.0410499999999,0.0,0.2034691998269409
2025-11-15,15476.828975046505,111.57594859997803,0.0,15588.404923646483,35702.40669429669,35766.74400379602,0.0,3842.346476845292,19993.47295947263,16280.962349188561,0,0,10443.351160424667,10347.518658184968,1628.5123231849677,10800.0,833.3333333333333,486.88499999999993,0.0,0.20061139995232224
2025-11-16,48875.215458477185,2560.616422889708,0.0,51435.831881366896,67482.84235813696,69545.09959656805,0.0,135.45821994028358,13492.846788496394,18517.749795201962,0,0,10347.518658184968,1915.8032176073216,1787.085403746693,10787.460917165377,833.3333333333333,777.2692590509258,0.0,0.28302660025656223
2025-11-17,53309.44816438672,962.9783473839366,0.0,54272.42651177065,78019.7320993506,78443.52592304739,0.0,314.2174080534455,22619.202004291234,17185.64782263062,0,0,1915.8032176073216,3177.9207741020778,1623.6419698428188,10800.0,833.3333333333333,777.9720000000003,0.0,0.2805999000556767
2025-11-18,53521.92130954498,1906.1434683164532,0.0,55428.06477786144,76841.86445809483,78429.10714803153,0.0,239.4180673776773,20786.819514999526,17487.682267679003,0,0,3177.9207741020778,2455.3002624027627,1692.8860617015293,10800.0,833.3333333333333,801.279305007716,0.0,0.22860569995827973
2025-11-19,54510.72429430518,2719.72829117757,0.0,57230.45258548275,77404.0690116886,79267.02421821398,0.0,685.3161878605922,20751.57311785959,17538.176687506206,0,0,2455.3002624027627,1644.853082358382,1525.2335315559126,10800.0,833.3333333333333,764.6321105324074,0.0,0.23600230016745627
2025-11-20,54249.32087200387,1356.2341187572188,0.0,55605.554990761084,78614.59912752916,79471.03872213121,0.0,338.4086264924068,21381.155537918366,17041.60147561289,0,0,1644.853082358382,1952.7803158039158,1582.921926915027,10800.0,833.3333333333333,804.2333333333332,0.0,0.30460230028256774
2025-11-21,18326.50261563821,845.4929792876428,0.0,19171.99559492585,44666.14315883963,45449.07452729897,0.0,3522.5374493196878,26863.37294757561,13801.219936262987,0,0,1952.7803158039158,10795.127150551982,1733.9891990333126,10800.0,832.6754944444442,489.4308333333332,0.0,0.26693769986741245
2025-11-22,15715.67228432219,119.00142927598404,0.0,15834.673713598175,35798.55558647405,35881.51014229489,0.0,2241.656698494803,20477.87472804167,17057.85076757492,0,0,10795.127150551982,10272.04688626179,1402.229759019749,10800.0,833.3333333333333,537.3437499999999,0.0,0.32612440013326705
2025-11-23,51165.809724296,840.6873372486183,0.0,52006.497061544615,70085.5710415126,70153.62612205249,0.0,48.34682309076925,13483.142009377802,18609.958993749402,0,0,10272.04688626179,1729.1424794247012,1389.312004759948,10552.867634543283,833.3333333333333,805.4848,0.0,0.3186537001747638
2025-11-24,54866.23055268997,139.5153101545694,99.5299589999998,55105.275821844545,78976.65216970787,77905.75519217164,18.83966666666663,107.16398232116217,21068.335748154095,17412.84857163696,1,0,1729.1424794247012,1343.0351287223134,1315.5515533519433,10599.163219550619,833.3333333333333,833.3333333333333,0.0,0.311231599887833
2025-11-25,57608.57781944885,-284.6825853716719,0.0,57323.89523407718,83044.50096736164,81543.25608873708,0.0,58.41535628702218,22909.402356214996,17593.222090431605,0,0,1343.0351287223134,2413.4727043917987,1343.0351287223134,10484.840777595882,833.3333333333333,808.33755,0.0,0.3373622002545744
2025-11-26,56367.28288239793,1123.096101200458,0.0,57490.378983598384,80350.86762567921,81348.20157907187,0.0,82.76982095901144,21976.73524549354,17468.970370714,0,0,2413.4727043917987,2782.5673467648744,1742.8250189198125,10770.938637960502,833.3333333333333,829.2429623688271,0.0,0.27931740041822195
2025-11-27,55954.826357222555,980.1603443008303,0.0,56934.98670152338,79599.17699516335,79882.94450676642,0.0,45.58864318421836,21324.24796955147,17267.784839302592,0,0,2782.5673467648744,2787.9629201360917,1627.01948828424,10800.0,833.3333333333333,783.1004166666667,0.0,0.33745409990660846
2025-11-28,17993.2632580844,40.23660335195324,0.0,18033.499861436354,44892.3313313805,44927.10308342632,0.0,1968.0432470507449,27228.253664346572,15190.432377970998,0,0,2787.9629201360917,10415.133020302454,1452.899260646625,10800.0,833.3333333333333,511.01249999999993,0.0,0.21917889988981187
2025-11-29,16107.515797546928,696.2080909504102,0.0,16803.723888497338,37781.97604170081,38542.374745730864,0.0,298.0365823451916,19490.49766728154,16175.609603895866,0,0,10415.133020302454,9983.681360971552,1587.1815699938445,10800.0,826.742123614587,499.8883333333333,0.0,0.2092153001576662
2025-11-30,54284.405501068715,3409.084894553395,0.0,57693.49039562211,73407.95389094333,76004.42502978114,0.0,4.207793884248872,13460.743241817769,17705.354122587545,0,0,9983.681360971552,2425.734586843615,1679.1871009794168,10734.629236426805,833.3333333333333,813.9806833333332,0.0,0.29330550017766654
2025-12-01,62941.64885246864,14372.681683729375,1733.797136778236,79048.12767297625,83157.7896130956,92213.80768725432,260.11167424199397,521.6110533991653,23917.912158244777,18264.53158348095,4,0,2425.734586843615,3657.9315476184074,1200.0,10800.0,833.3333333333333,833.3333333333333,0.0,0.3849023000802845
2025-12-02,66125.82376880579,9046.42308856319,1274.0321396912818,76446.27899706025,86752.8670610351,92255.27802763763,182.72878434046189,78.05659909400015,22449.897930823703,18727.757667939608,4,0,3657.9315476184074,3054.220054315736,1200.0,10438.846143078337,833.3333333333333,833.3333333333333,0.0,0.3725537999998778
2025-12-03,66267.51681464023,7083.546566414575,0.0,73351.0633810548,87553.22065171876,91874.81828339156,0.0,1150.3497738771139,21155.578599407618,17593.858656559816,0,0,3054.220054315736,2545.508953160578,2110.7560620191807,10800.0,833.3333333333333,801.6529943667598,0.0,0.31172960018739104
2025-12-04,70502.7686600351,-31.469964438166585,114.31931764846573,70585.6180132454,93445.25215465372,91120.18340851943,16.081311856636148,321.90701664119115,22915.995738550046,18872.846784815174,2,0,2545.508953160578,2200.075356949871,1624.964003597581,10692.67258836388,833.3333333333333,833.3333333333333,0.0,0.21691780001856387
2025-12-05,21015.682752781733,7262.720778540465,46.99279470920185,28325.396326031398,48628.9683972058,55242.06950832141,9.868289523141925,1032.3092510284725,27200.361498619142,14292.360635136392,1,0,2200.075356949871,10800.0,1200.0,10800.0,833.3333333333333,665.5749999999999,0.0,0.21601310023106635
2025-12-06,20090.431017021958,5489.902911168967,0.0,25580.333928190925,43432.09229807377,48570.63495975967,0.0,1192.9258600034154,19542.51727941893,15829.438996329334,0,0,10800.0,10800.0,2116.524365273182,10800.0,833.3333333333333,655.6695833333332,0.0,0.27158619998954237
2025-12-07,69756.52777272934,-1369.910849213037,0.0,68386.61692351631,87817.92094048971,83150.4660108434,0.0,1435.038782394907,12730.620165974673,18667.874187526155,0,0,10800.0,1515.47571879259,1242.872837457567,10800.0,833.3333333333333,809.441522222222,0.0,0.25370020023547113
2025-12-08,74052.16532229085,-1274.2010769425901,0.0,72777.96424534827,97381.85579801124,94130.66208331096,0.0,1590.0612016281289,22568.431100447724,17875.04133543156,0,0,1515.47571879259,1965.9066698271415,1515.47571879259,10800.0,833.3333333333333,777.3643038888887,0.0,0.3237019998487085
2025-12-09,72910.16482905517,-63.413095169098085,115.8177327999995,72962.56946668607,96681.71877634086,93203.21039715191,15.667983333333268,1817.3158684745686,22362.128938736412,18349.0206933924,1,0,1965.9066698271415,1704.0219442539194,1345.970828574907,10800.0,833.3333333333333,833.3333333333333,0.0,0.35675070038996637
2025-12-10,73329.17405553666,-436.18630655156755,0.0,72892.98774898509,96437.40461572632,95655.11625319064,0.0,1781.6987380641135,24333.3308488858,18847.531800425942,0,0,1704.0219442539194,2662.31770777787,1704.0219442539194,10800.0,833.3333333333333,751.067832222222,0.0,0.289707999676466
2025-12-11,70767.94377264546,-1353.1442627053748,0.0,69414.79950994009,95369.0628663034,92367.46238591202,0.0,1933.326691185659,22909.25749952775,18436.37650480138,0,0,2662.31770777787,2795.786674240206,1727.7548855365028,10800.0,833.3333333333333,787.8932733333335,0.0,0.31034559989348054
2025-12-12,22986.249024314195,4483.081666304341,0.0,27469.330690618535,52422.3983080293,57422.798403061955,0.0,1177.6480243550095,28036.552116788473,15505.81522141485,0,0,2795.786674240206,10800.0,1891.2685027160496,10800.0,833.3333333333333,625.31245,0.0,0.2968022997956723
2025-12-13,22147.746789684672,109.74355313298499,0.0,22257.49034281766,47631.77475824639,47370.08212054879,0.0,384.21945438283944,19815.007281937196,16627.677999104577,0,0,10800.0,10158.308776960606,1573.732672259441,10800.0,833.3333333333333,633.905,0.0,0.21442999970167875
2025-12-14,66573.10509278695,2371.909567577558,0.0,68945.01466036451,83524.95100521579,84875.36718447678,0.0,799.0370390254997,14742.548567331824,19444.940221880544,0,0,10158.308776960606,1821.1133521364175,1577.0665307192396,10800.0,833.3333333333333,781.2932093936735,0.0,0.3212865001987666
2025-12-15,70403.70181981025,4220.046225138321,0.0,74623.74804494856,92482.01407591303,94962.66910633916,0.0,978.4402477774091,23239.890219486522,18725.219327591432,0,0,1821.1133521364175,1931.2152967949237,1592.0090167331955,10800.0,833.3333333333333,794.3679327143298,0.0,0.3684138001408428
2025-12-16,71605.9450396455,674.1715978674605,0.0,72280.11663751297,93981.7274176004,94137.07865564794,0.0,590.4986535287909,22719.58548461528,18591.096815829453,0,0,1931.2152967949237,1722.0679931381792,1554.7140644344756,10800.0,833.3333333333333,811.2845056670137,0.0,0.2454007000196725
2025-12-17,72625.33263838157,-171.20117245597322,0.0,72454.1314659256,95233.32255319692,93326.8863264639,0.0,166.2576855137056,22743.18547189251,17774.403897608976,0,0,1722.0679931381792,2441.597253831463,1690.431824016649,10316.060911392588,833.3333333333333,832.3181057777776,0.0,0.24763370002619922
2025-12-18,69804.10018408013,655.9928205859574,30.853245001691946,70490.94624966779,92229.86072788692,91444.39527947461,4.779003253050178,276.30318038829375,22189.272454450635,18382.668318777927,1,0,2441.597253831463,1986.7554419726714,1660.4434333306958,10545.010672458951,833.3333333333333,833.3333333333333,0.0,0.2924943002872169
2025-12-19,24848.12922837011,-12.107630255463976,0.0,24836.021598114647,56156.385765374915,56090.91143296956,0.0,74.24583864637486,29492.942779135265,16384.66848481207,0,0,1986.7554419726714,10325.21673784766,1571.3713800214393,10787.665262508472,833.3333333333333,626.09695,0.0,0.22437749989330769
2025-12-20,21664.131064593006,-206.82730995487753,0.0,21457.303754638127,47715.06618980253,46802.52343763025,0.0,110.59966073730368,20759.879359229835,16924.307832336886,0,0,10325.21673784766,10204.321680780195,1284.8591892071975,10778.197173146988,833.3333333333333,619.5816666666666,0.0,0.2702067999634892
2025-12-21,66393.32920171482,1709.4599910880295,0.0,68102.78919280285,83961.69979994243,84524.30112103475,0.0,421.51409270482503,14474.652661764518,19409.647500101266,0,0,10204.321680780195,1665.2340762557421,1396.0457379224094,10800.0,833.3333333333333,801.6424416611071,0.0,0.35605079983361065
2025-12-22,71244.4017117139,1537.2206191310847,0.0,72781.62233084498,92966.13754567059,93787.97248910612,0.0,476.3013847583395,23428.134433118845,19053.89041210438,0,0,1665.2340762557421,1579.565719280055,1386.1184269689443,10800.0,833.3333333333333,791.8445701218096,0.0,0.3322648999746889
2025-12-23,71101.90953687488,-416.78154853919864,0.0,70685.12798833568,93674.53450756038,91998.71076002592,0.0,258.5879923419171,23190.823263238097,18708.793028887412,0,0,1579.565719280055,1663.7588463194272,1579.565719280055,10800.0,833.3333333333333,807.7604835324287,0.0,0.2689499999396503
2025-12-24,70112.3319533381,247.7418513582267,0.0,70360.07380469632,93085.15772973213,92976.9779225578,0.0,419.63866721683837,23779.738011700538,19076.958073026246,0,0,1663.7588463194272,1868.9029757096396,1663.7588463194272,10745.283914486537,833.3333333333333,830.5192888888892,0.0,0.3351528998464346
2025-12-25,68895.299155784,4239.113228671165,0.0,73134.41238445517,91428.5240545517,94276.2424561309,0.0,1773.5232238883311,23582.886746032986,18892.616047123738,0,0,1868.9029757096396,2101.7054392240652,1613.139885432164,10800.0,833.3333333333333,790.0994465388344,0.0,0.3642834001220763
2025-12-26,24433.35572794751,1445.9311696827426,0.0,25879.286897630252,55226.80799814852,56617.46386010578,0.0,186.91518222602357,29444.532314989905,16021.606070443482,0,0,2101.7054392240652,10800.0,1495.003681106119,10800.0,833.3333333333333,651.6783333333333,0.0,0.2643128000199795
2025-12-27,20470.707971236647,1316.0192316035036,0.0,21786.72720284015,45772.55042976196,47104.51033425947,0.0,62.33426926073055,20490.969575489213,16787.602577157144,0,0,10800.0,10588.980865543463,1813.6215605614893,10800.0,833.3333333333333,648.7416666666666,0.0,0.3268818003125489
2025-12-28,64962.69457552285,853.741857346733,97.89641619093693,65914.33284906052,82507.80440060601,82730.81649709048,13.31987055909758,1148.076229476055,13468.273987860917,18681.46859968739,2,0,10588.980865543463,1953.2401216322983,1644.3281960656318,10800.0,833.3333333333333,833.3333333333333,0.0,0.29799919994547963
2025-12-29,69279.77935314225,1953.555306575044,0.0,71233.3346597173,92742.44123577146,93762.09023812716,0.0,1129.471474914549,23765.658842490353,18656.80634594441,0,0,1953.2401216322983,2612.5482510465026,1446.6135954909473,10800.0,833.3333333333333,809.8436999999999,0.0,0.33133580000139773
2025-12-30,68656.75509143755,-460.46860553777174,0.0,68196.28648589978,92412.24469121789,91103.68748934695,0.0,186.27630033502123,23512.746342032908,18819.73775302097,0,0,2612.5482510465026,2863.200233297257,1265.376885255773,10636.57795604321,833.3333333333333,824.2992851914964,0.0,0.2541919001378119
2025-12-31,69209.45275924527,1700.8153796010165,0.0,70910.26813884628,91574.74403898837,92548.2664786478,0.0,158.93782332940725,23144.60891113875,19401.70318915369,0,0,2863.200233297257,2135.9002653735884,1413.46282222544,10717.83042068917,833.3333333333333,812.9791882338998,0.0,0.2877785998862237
