date,plan_cost_yuan,adjustment_cost_yuan,emergency_cost_yuan,total_cost_yuan,plan_kwh,final_purchase_kwh,emergency_kwh,waste_kwh,charge_kwh,discharge_kwh,emergency_periods,simultaneous_charge_discharge_periods,soc_start_kwh,soc_end_kwh,soc_min_kwh,soc_max_kwh,max_charge_kwh,max_discharge_kwh,balance_max_abs_kwh,solve_seconds
2025-02-01,17805.6480553058,-547.3808781237561,0.0,17258.267177182042,40885.64676233173,39161.75884796955,0.0,2204.2792137119386,18615.854831092205,16036.55113016793,0,0,2533.9938206060738,1469.8730239580304,1255.7127165506233,10800.0,833.3333333333333,552.0416666666666,1.1368683772161603e-13,0.2264677002094686
2025-02-02,61528.2608421606,-1658.6706661635578,0.0,59869.590175997044,87715.87371642409,83826.892540266,0.0,917.9051082200928,22631.40376380333,18078.694281757416,0,0,1469.8730239580304,1750.6983205394438,1232.2232166778101,10800.0,833.3333333333333,809.9943034722221,0.0,0.27497240039519966
2025-02-03,60559.87215441317,0.3647179318829856,0.0,60560.23687234505,85183.6220850804,84875.1139289597,0.0,172.51778973068303,23267.990290135534,18782.310650906504,0,0,1750.6983205394438,1822.6555250986517,1590.581408802355,10800.0,833.3333333333333,822.0777264583335,0.0,0.28825429966673255
2025-02-04,60370.90357389116,2190.238886416015,0.0,62561.14246030718,84734.74710638136,85895.92857688054,0.0,201.17003385799603,23287.717707206877,18787.823114184306,0,0,1822.6555250986517,1906.2424458245027,1540.323613595247,10800.0,833.3333333333333,824.6464944444443,0.0,0.2824375000782311
2025-02-05,58563.11407776205,6101.627035097726,164.666564106658,64829.40767696644,82396.64520047995,86713.2844357675,23.781999437703348,1631.690670167619,22765.61349843139,18408.664716727137,1,0,1906.2424458245027,1941.222686938155,1611.6624886746931,10800.0,833.3333333333333,833.3333333333333,2.2737367544323206e-13,0.28323280019685626
2025-02-06,59859.88557307949,1455.1377401672528,152.31749033333412,61467.340803580075,84032.14493717352,84842.36242834401,21.052866666666773,44.49738004167352,23135.872341609775,18588.011643307425,1,0,1941.222686938155,2110.1615240453707,1787.5559489597097,10705.73164285773,833.3333333333333,833.3333333333333,2.2737367544323206e-13,0.3023796998895705
2025-02-07,16842.198472734373,-226.54345351398214,0.0,16615.65501922039,39586.93945244841,38654.51282633002,0.0,3294.9766276827313,19376.671089615276,15822.814557634652,0,0,2110.1615240453707,1968.2604406606124,1612.7314573272793,10800.0,833.3333333333333,536.0374499999999,0.0,0.2571711998898536
2025-02-08,15452.369984744582,295.5704359904378,0.0,15747.94042073502,36733.02561038261,37026.36117662188,0.0,2110.3861988794297,18569.212380646884,15230.400119571092,0,0,1968.2604406606124,1757.8847837193705,1568.2557952625807,10800.0,833.3333333333333,519.1618833333333,0.0,0.2457067002542317
2025-02-09,58045.92852583503,3575.4293446815173,0.0,61621.35787051654,82552.1161232924,85147.22959371386,0.0,1115.7992924564185,22903.682165374863,18427.667830784103,0,0,1757.8847837193705,1896.0122539077483,1684.5233869484173,10800.0,833.3333333333333,786.8303269410357,0.0,0.2852994001004845
2025-02-10,55221.013803315815,21.834533182008627,0.0,55242.848336497824,80711.48294970198,78383.46521619166,0.0,354.61182501187363,20399.85334177867,16697.6375339322,0,0,1896.0122539077483,1702.949668250554,1702.949668250554,10517.230439327495,833.3333333333333,766.5592714197533,0.0,0.2693636000622064
2025-02-11,55018.26512336104,875.5350169118724,71.41897577043277,55965.21911604334,79739.52032545762,79952.67183932674,13.360579135802595,328.41742616314025,22506.217086245335,18089.199227279252,1,0,1702.949668250554,1859.434793338852,1391.9717899980176,10800.0,833.3333333333333,833.3333333333333,0.0,0.2900628999341279
2025-02-12,54139.388398169904,1547.8131795494974,69.68150034777874,55756.883078067185,78986.86011580417,79405.56856814034,12.846884282407586,52.05427951247009,21739.217845552317,17639.592805975364,1,0,1859.434793338852,1825.1832921410833,1635.6469733627064,10395.550151845453,833.3333333333333,833.3333333333333,0.0,0.29714819975197315
2025-02-13,52300.13609946438,697.8496746152935,0.0,52997.98577407967,77388.52310082594,76831.49201535305,0.0,1312.2841340497384,20816.60346159741,16626.874596960766,0,0,1825.1832921410833,2085.821299844567,1735.0588473015764,10800.0,833.3333333333333,811.2172222222223,0.0,0.26593589992262423
2025-02-14,14912.762521306318,1010.8341993347233,0.0,15923.596720641042,35072.768363809875,36026.50082393463,0.0,2845.6133831657817,17751.769158205097,14372.683534102918,0,0,2085.821299844567,2092.765171003694,1438.2293269597312,10800.0,833.3333333333333,559.76725,0.0,0.22306330013088882
2025-02-15,15374.743231034681,352.1857783805341,0.0,15726.929009415215,35070.44072597418,35424.67130853278,0.0,3314.4221832886983,17272.667272983483,14442.509247739403,0,0,2092.765171003694,1590.9332192006038,1590.9332192006038,10800.0,833.236311111111,547.3166666666666,0.0,0.23946430021896958
2025-02-16,53334.77477946668,2816.9283613960406,661.4322995091798,56813.1354403719,78000.48953709041,79946.96124548028,139.33897352885992,205.19777929079362,21994.058418816567,17490.335079098208,2,0,1590.9332192006038,1951.8801526930677,1200.0,10381.536313787652,833.3333333333333,833.3333333333333,0.0,0.24460179987363517
2025-02-17,52920.79930480721,937.0221284183381,0.0,53857.821433225545,77726.67669324041,74854.11163239041,0.0,548.0584758844628,18417.964305814225,15295.77431597494,0,0,1951.8801526930677,1532.7432323981598,1498.9715175216163,10373.148298061102,833.3333333333333,804.1549999999999,0.0,0.26403389987535775
2025-02-18,49763.28732609077,2685.1896694724674,0.0,52448.47699556324,74772.56119107264,76836.0875652608,0.0,55.313752318118304,21384.248992185643,16694.862962576313,0,0,1532.7432323981598,2228.719589169335,1532.7432323981598,10731.908604466313,833.3333333333333,818.3170671728393,0.0,0.26689800014719367
2025-02-19,49921.07323741637,3158.4844264713247,249.60090428000044,53329.158568167695,74786.07992856763,77122.35190308557,46.01786583333342,667.6798699513504,22076.855759952316,18455.49324431809,1,0,2228.719589169335,1591.7861683285378,1250.7723670021853,10800.0,833.3333333333333,833.3333333333333,0.0,0.2611356999259442
2025-02-20,51260.59396909175,1651.2887846192507,41.98892513307878,52953.87167884409,75657.31715285544,76972.1463938532,7.4839898641972695,1226.9114797840948,22134.480016720456,17374.89484612049,1,0,1591.7861683285378,2207.379465465299,1398.1496302323412,10800.0,833.3333333333333,833.3333333333333,0.0,0.24993170029483736
2025-02-21,14793.039179602398,432.51811602186797,0.0,15225.557295624265,34140.9841810835,34558.19178787585,0.0,5824.48099702439,16859.36854225035,13685.919784732227,0,0,2207.379465465299,2174.233614899255,1691.6258871057405,10800.0,818.5605722222223,535.038,0.0,0.22833820013329387
2025-02-22,14709.942979876283,473.9678277864622,0.0,15183.910807662745,34108.691484775445,34589.33697948852,0.0,3860.2573149230147,16723.74749690542,13839.430715673247,0,0,2174.233614899255,1848.4611224771968,1738.7818956022863,10800.0,833.3333333333333,530.305,0.0,0.24671299965120852
2025-02-23,50618.15183474771,937.7859798542348,0.0,51555.937814601944,75413.43637133422,75806.72976177232,0.0,270.477211644696,21511.26738227042,17506.868515476137,0,0,1848.4611224771968,1756.5256382137622,1586.8280298274149,10800.0,833.3333333333333,792.1227777777777,0.0,0.3009345999453217
2025-02-24,50233.25842899347,-625.7257805357035,0.0,49607.53264845777,74611.7145425984,72440.26410467808,0.0,395.9075474382687,19941.11117329557,16099.788232722422,0,0,1756.5256382137622,1814.8721022659802,1619.7101373894373,10800.0,833.3333333333333,810.5166774444442,0.0,0.2918408000841737
2025-02-25,48753.93280767106,-597.7576949687476,100.3812654048873,48256.5563781072,74074.7467594314,71139.97415255682,19.559872448341252,1590.467723594271,19480.696777677353,15732.953709599798,1,0,1814.8721022659802,1866.4395248424873,1644.1042646254675,10800.0,833.3333333333333,833.3333333333333,1.1368683772161603e-13,0.23537009954452515
2025-02-26,47290.53746201901,3018.79830757121,0.0,50309.33576959022,71383.9017195656,73774.13776376934,0.0,820.3754261641603,21309.03694008264,17170.12263581079,0,0,1866.4395248424873,1966.6587311270926,1650.081718705048,10800.0,833.3333333333333,818.5968999999998,0.0,0.26319219963625073
2025-02-27,46306.68304511647,587.8051899461402,924.069923822268,47818.55815888488,71281.16258739648,71197.67173825207,181.04972932603891,266.23704094183665,21997.118948152813,17841.218721516536,3,0,1966.6587311270926,1940.4894272240294,1200.0,10605.391260525925,833.3333333333333,827.4463444444443,1.1368683772161603e-13,0.24336319998838007
2025-02-28,14099.188592757466,-14.962237124713273,0.0,14084.226355632753,33701.36920473495,33585.493672399396,0.0,7059.403750539286,16948.32989694653,13714.833525086418,0,0,1940.4894272240294,1955.2824177132175,1566.575356293465,10800.0,833.3333333333333,520.9738,0.0,0.20416589989326894
2025-03-01,14049.475729637428,-340.5867743593411,2418.70162655662,16127.590581834707,33631.05620911804,32738.446209695285,511.3831779457236,7089.045844222222,15930.557854529896,13428.54024444444,7,0,1955.2824177132175,1372.1842151851852,1200.0,10800.0,833.3333333333333,478.9468333333333,5.684341886080802e-14,0.24570329976268113
2025-03-02,48364.36937136859,6432.295155067302,20596.96688674999,75393.63141318588,73353.54912814469,73967.35704209784,3585.466805555554,860.0516657740073,22933.906756717406,18599.441641504676,16,0,1372.1842151851852,1346.6540278923212,1200.0,10800.0,833.3333333333333,799.8823166666666,0.0,0.24356660014018416
2025-03-03,49659.823680553345,6252.371431297814,11381.394776560519,67293.58988841168,75349.447431468,74296.88672774569,2075.5797175963653,358.6541510800813,21481.95816528409,17485.292504355442,13,0,1346.6540278923212,1252.3135940308487,1200.0,10800.0,833.3333333333333,826.3077166666667,0.0,0.29357860004529357
2025-03-04,48127.57446192746,1489.5921776238215,0.0,49617.16663955129,72953.55228940042,74235.22195590238,0.0,10.771011111111193,21959.76203689871,16934.76902544077,0,0,1252.3135940308487,2199.6893989721666,1252.3135940308487,10508.695856774131,833.3333333333333,830.3615994444446,0.0,0.29478269978426397
2025-03-05,47153.15900713121,1778.9777024377502,15.835160000000386,48947.97186956896,72721.89476562914,70861.08338361356,3.286666666666747,787.8565760609923,19262.59222353623,15316.550765983668,1,0,2199.6893989721666,2517.632660172918,1758.3968174306315,10213.352326273458,833.3333333333333,833.3333333333333,0.0,0.2828684002161026
2025-03-06,46184.78697475247,1063.852398974765,0.0,47248.63937372723,70896.94210828932,71046.30986713007,0.0,873.0333295316416,20769.270962946175,16536.64855868108,0,0,2517.632660172918,2835.92257273439,2091.6785440769345,10800.0,833.3333333333333,772.4456333333333,0.0,0.27074959967285395
2025-03-07,13264.849758889874,-65.97937015635307,0.0,13198.870388733521,31579.693809186618,31370.890629630467,0.0,8290.432961422497,14469.862361969299,12311.690227094663,0,0,2835.92257273439,2179.142890623801,1882.479667352196,10800.0,833.3333333333333,456.53116666666665,0.0,0.25442860019393265
2025-03-08,12927.922356828436,2398.520593127477,0.0,15326.442949955912,30937.714186449637,33274.669983243846,0.0,11458.39918652114,13779.557428569817,11026.426148513778,0,0,2179.142890623801,2329.1599668768827,2077.513625484813,10800.0,833.3333333333333,464.6276666666667,0.0,0.23255720012821257
2025-03-09,44252.62150052092,8063.328228892689,0.0,52315.94972941361,69384.56444355035,72719.34121419664,0.0,6187.9688211445555,16281.559190804199,13083.71184775211,0,0,2329.1599668768827,2445.1056299872016,1826.7213459827963,10800.0,833.3333333333333,775.021111111111,0.0,0.3040078997146338
2025-03-10,43916.93306447511,20149.068659908575,0.0,64066.001724383685,66902.44970377142,80732.86818973601,0.0,9840.23542336323,15526.21325381966,12675.65193744687,0,0,2445.1056299872016,2334.639850150598,1882.7104266438535,10800.0,833.3333333333333,801.992222222222,0.0,0.31742019997909665
2025-03-11,41876.03127723189,21385.69935809345,0.0,63261.73063532534,64490.86424117542,79932.38749739382,0.0,12802.204634242655,14852.302429933037,11661.038366781879,0,0,2334.639850150598,2745.0027406660183,1989.0205942782331,10800.0,833.3333333333333,777.9016666666666,0.0,0.29843830014579
2025-03-12,42620.85061814397,17696.859837896918,0.0,60317.71045604089,66831.68056918916,78928.70235730821,0.0,14348.648986182252,13791.910282908975,11647.39159511635,0,0,2745.0027406660183,2216.1757784881465,1696.2817807476738,10800.0,832.4665333333332,795.64,0.0,0.2762029997538775
2025-03-13,42508.95985926072,12164.674750211758,0.0,54673.63460947248,65781.1609576664,74210.65640401332,0.0,3678.7244791015655,16925.370031322003,13939.05612307691,0,0,2216.1757784881465,1961.1686699258262,1452.2519957129591,10800.0,833.3333333333333,829.3766666666667,0.0,0.24912890000268817
2025-03-14,12169.6510991896,2284.6586069023488,0.0,14454.309706091948,29784.701750963126,32078.46843759577,0.0,13222.7237212209,13667.52294667127,10841.204213629735,0,0,1961.1686699258262,2216.1568623413705,1727.6322807058832,10800.0,833.3333333333333,496.715,0.0,0.24271579994820058
2025-03-15,12444.173553745273,1231.070311590243,0.0,13675.243865335517,29496.054037868296,30745.101661692337,0.0,8035.816962575339,13677.446396794225,11892.286847677224,0,0,2216.1568623413705,1312.2065664814822,1312.2065664814822,10800.0,824.6801508888889,494.00738333333334,0.0,0.22738070017658174
2025-03-16,42016.264550757245,2815.764871549344,0.0,44832.02942230659,66491.27961878359,69049.44652840178,0.0,935.0578713630366,20902.67800347893,16139.336279773519,0,0,1312.2065664814822,2192.020903197502,1312.2065664814822,10800.0,833.3333333333333,817.1838888888888,0.0,0.2653063996694982
2025-03-17,39900.438095131976,1075.359728137944,1711.1025165404508,42686.90033981037,64675.12696241387,61248.06495064074,333.4196974799995,88.91641130534708,19868.071919938964,16233.635116456891,5,0,2192.020903197502,2035.9132795237963,1200.0,10517.333910207406,833.3333333333333,792.12985,1.1368683772161603e-13,0.2690294000785798
2025-03-18,42368.769517135166,821.5864245888134,9384.197075149345,52574.553016873324,67493.15305902813,63222.89726989476,1666.8053187277344,77.47941469862019,20380.39833308845,16694.133525831236,9,0,2035.9132795237963,1829.2345283798127,1200.0,10556.142297224693,833.3333333333333,801.5304166666665,0.0,0.280592700233683
2025-03-19,38724.08445721395,3210.340087211144,1327.1432748072448,43261.56781923234,61888.79597870193,65184.65477420484,262.8524874411145,1791.5275776013339,21132.297327180855,16941.788093136223,3,0,1829.2345283798127,2024.0931304690007,1200.0,10800.0,833.3333333333333,804.7827777777777,0.0,0.24045830010436475
2025-03-20,41104.94284415632,2867.439934355007,1387.378320672921,45359.76109918425,65024.598355890674,65917.48519846715,270.58689503889445,358.203289856772,20066.36867818902,16445.461691206416,5,0,2024.0931304690007,1811.0897283875436,1200.0,10247.13292926296,833.3333333333333,812.1955555555553,1.1368683772161603e-13,0.28176440042443573
2025-03-21,12098.38028589404,-17.873656846676816,0.0,12080.506629047362,29817.03220786083,29690.788705463725,0.0,14479.287710256769,14875.84944042402,11697.81296188373,0,0,1811.0897283875436,2201.784267120574,1313.0233221449098,10800.0,833.3333333333333,494.82499999999993,5.684341886080802e-14,0.277781100012362
2025-03-22,12076.537094356552,319.84839878512764,0.0,12396.385493141679,29555.019084385625,29846.33759064159,0.0,11358.635714773909,13994.652741159729,11388.150598625385,0,0,2201.784267120574,2143.471069025015,2003.2817754336572,10800.0,833.3333333333333,468.04194999999993,0.0,0.2069472996518016
2025-03-23,40154.77917279875,230.035712651891,0.0,40384.81488545064,64301.58961107422,63440.775905000286,0.0,1260.1516969974227,19136.27405266596,15725.36996132976,0,0,2143.471069025015,1893.48442605798,1625.6325492678568,10800.0,833.3333333333333,817.6898666666666,1.1368683772161603e-13,0.241407300112769
2025-03-24,39008.67254925762,1031.9326243462092,0.0,40040.605173603835,62500.12627147493,62712.089260021006,0.0,899.0670764676312,19977.554159219977,16163.029058999939,0,0,1893.48442605798,1914.361992689371,1820.064222133816,10800.0,833.3333333333333,791.9585666666665,0.0,0.21829010010696948
2025-03-25,40099.87315126796,4523.496730316593,0.0,44623.36988158455,64380.77544179828,65950.19187041107,0.0,1906.4584010686076,17174.824859331857,14081.216106656058,0,0,1914.361992689371,1725.908692025757,1557.3306191221143,10800.0,833.3333333333333,783.7179694444445,0.0,0.2533951997756958
2025-03-26,37993.79858374031,9429.068273338435,0.0,47422.86685707874,61207.61910189344,67549.95256536992,0.0,8907.597204292784,15326.464135417606,12276.663641007119,0,0,1725.908692025757,1878.9890350048056,1632.9174765411967,10800.0,833.3333333333333,779.9385044444443,0.0,0.2584485998377204
2025-03-27,37497.98678510295,9502.973576685761,0.0,47000.96036178871,60785.148196670685,67379.8451338723,0.0,5727.475390813859,15672.093681080885,12736.713338022442,0,0,1878.9890350048056,1831.9696390637835,1431.6460996193389,10800.0,833.3333333333333,766.7254166666667,0.0,0.21211709990166128
2025-03-28,11705.112645258127,2526.0148110302416,0.0,14231.127456288368,29042.27722784271,31667.76843302651,0.0,17896.44470610633,13121.048503912598,10171.60554365908,0,0,1831.9696390637835,2339.1293551861418,1831.9696390637835,10800.0,833.3333333333333,483.8733333333333,0.0,0.21314659994095564
2025-03-29,11277.549998664868,1718.9101840404937,0.0,12996.460182705363,27941.47492643548,29712.55593974782,0.0,20329.798148409165,12689.27040449348,11013.721796488153,0,0,2339.1293551861418,1522.0040564656617,1378.8875680705994,10800.0,833.3333333333333,482.24499999999995,0.0,0.2217558000702411
2025-03-30,36593.783445204186,9279.008309956065,0.0,45872.79175516025,60144.01940229705,67149.48567387642,0.0,8455.279174370498,15725.711293170672,12377.124493664745,0,0,1522.0040564656617,1922.783671802889,1522.0040564656617,10800.0,833.3333333333333,761.1504166666666,0.0,0.2719346003141254
2025-03-31,34818.677772033756,11583.19065045398,0.0,46401.868422487736,56152.52513492183,67582.2979164368,0.0,7720.343751826832,15263.30064283155,12352.735961554923,0,0,1922.783671802889,1934.4920708458183,1588.1466349198922,10800.0,833.3333333333333,796.0470833333333,0.0,0.25328890001401305
2025-04-01,37527.45552544386,11759.704540930894,0.0,49287.16006637475,60041.61088984587,69430.85403147899,0.0,6432.055101728769,15003.704281136957,12213.7568680534,0,0,1934.4920708458183,1866.9849593653023,1600.3265198365268,10800.0,833.3333333333333,772.0364500000001,1.1368683772161603e-13,0.23883780022151768
2025-04-02,36501.952363909906,10740.78008597593,0.0,47242.732449885836,59330.462822360874,67296.99568489837,0.0,3913.0527660743974,16228.741397670246,13280.133878846274,0,0,1866.9849593653023,1717.1479074393342,1494.6013391214199,10800.0,833.3333333333333,788.4129166666667,0.0,0.22483850014396012
2025-04-03,37810.06743655731,4988.540042665269,0.0,42798.60747922258,60768.67857622748,63911.10766128448,0.0,4644.042689619077,17661.25647866642,14257.721773667685,0,0,1717.1479074393342,1770.3656563861302,1560.5640191904931,10800.0,833.3333333333333,779.5462500000001,0.0,0.24377150018699467
2025-04-04,11021.115248598393,1149.930668934608,0.0,12171.045917533002,27931.310074535577,28998.009849102487,0.0,19802.027576808105,13333.140396913665,10567.960374619282,0,0,1770.3656563861302,2028.0138195870115,1661.8724073030614,10800.0,813.7861655555555,503.50333333333333,5.684341886080802e-14,0.2249694000929594
2025-04-05,10949.917105092416,1283.9098527550495,0.0,12233.826957847465,27214.68625619167,28523.40901550578,0.0,14483.770639837354,12671.965238359397,10676.441846024305,0,0,2028.0138195870115,1570.0693718612388,1570.0693718612388,10800.0,833.3333333333333,483.91773333333333,5.684341886080802e-14,0.21989769977517426
2025-04-06,36650.61754134713,1663.00349892725,0.0,38313.621040274375,59922.63565102892,59828.29319438191,0.0,1594.3686597917247,19491.687583261162,15667.839315337642,0,0,1570.0693718612388,1703.8778464211282,1484.8150764211282,10800.0,833.3333333333333,772.5316666666665,1.1368683772161603e-13,0.2125767997931689
2025-04-07,34308.85167413844,1960.6461453637344,0.0,36269.49781950217,56053.4326938444,58254.403596941076,0.0,1168.7363253587114,19574.51113337684,15731.563145127806,0,0,1703.8778464211282,1841.4232607627282,1703.8778464211282,10800.0,833.3333333333333,735.0190166666666,1.1368683772161603e-13,0.2591423001140356
2025-04-08,35223.36651327951,1778.5211747957626,0.0,37001.88768807527,57159.48139181706,58205.16688992012,0.0,453.1318982777371,19399.76313897876,16000.921764003037,0,0,1841.4232607627282,1522.4081258402393,1444.347043421067,10800.0,833.3333333333333,746.5049999999999,0.0,0.2251838999800384
2025-04-09,34878.428286705515,7190.486446153138,0.0,42068.914732858655,57163.30356533651,65163.78920987445,0.0,2097.277145385481,19840.588446983824,15908.387399161511,0,0,1522.4081258402393,1702.951729057332,1507.6254895865488,10800.0,833.3333333333333,749.6552499999999,0.0,0.21377820009365678
2025-04-10,36016.21506985609,2316.759301740363,0.0,38332.97437159645,58241.02155557504,60195.02085368819,0.0,1605.1904421426366,19773.373646081527,15644.181134535964,0,0,1702.951729057332,2116.5645277129706,1546.978616046304,10800.0,833.3333333333333,766.9669166666665,0.0,0.24473890010267496
2025-04-11,10798.666584254403,685.6942158192815,0.0,11484.360800073684,26730.008708334066,27448.068502379974,0.0,19829.264678387917,12911.885740549063,10609.732083223675,0,0,2116.5645277129706,1948.6704906252662,1703.1915469427845,10800.0,782.1793748888888,493.1533333333333,0.0,0.21470560017041862
2025-04-12,10643.458070807887,-13.830116661779876,0.0,10629.627954146106,27326.369203221562,27280.164931969244,0.0,15869.27659605898,12732.910647336814,10347.182861426552,0,0,1948.6704906252662,1911.4202271988936,1812.193168248276,10800.0,828.1496999999999,476.1539333333333,0.0,0.19172259978950024
2025-04-13,34690.55687639609,2572.6226797851473,0.0,37263.17955618124,56008.37935810567,58415.00736380797,0.0,564.8055055622983,18418.887170295347,14845.043795383002,0,0,1911.4202271988936,1993.9255744835918,1665.8237574385298,10800.0,833.3333333333333,748.98,0.0,0.21303449990227818
2025-04-14,34918.0493120545,-403.89388486726693,0.0,34514.15542718723,57247.90772852981,56172.12070583581,0.0,160.24327486358413,19304.284806900647,15820.439175928419,0,0,1993.9255744835918,1789.5161496625935,1576.851550448128,10800.0,832.6194444444443,759.3166666666666,1.1368683772161603e-13,0.20356789999641478
2025-04-15,33092.44846682968,457.74986158894825,0.0,33550.19832841863,54160.294101009335,54379.45929642009,0.0,764.628780305361,19215.078729210894,15739.6770464295,0,0,1789.5161496625935,1594.5569543640659,1391.3003820924612,10800.0,833.3333333333333,751.0735833333333,0.0,0.21843340015038848
2025-04-16,33709.98685923327,5933.425035796541,0.0,39643.411895029814,55153.80430305614,61566.9867682067,0.0,1954.1900511148297,19684.309311508947,15851.104544417076,0,0,1594.5569543640659,1698.096952036486,1594.5569543640659,10800.0,833.3333333333333,730.5316666666665,0.0,0.2407871000468731
2025-04-17,33407.23769900958,2257.325599314771,0.0,35664.56329832435,54695.232646186676,57537.60373413816,0.0,575.2741354028595,19790.151771489585,15696.164522754283,0,0,1698.096952036486,2069.0507433167977,1530.5549488723539,10800.0,833.3333333333333,750.8766666666667,1.1368683772161603e-13,0.24274090002290905
2025-04-18,10599.105320485201,447.266844433075,0.0,11046.372164918277,26556.37018119052,26889.00991116635,0.0,17986.0321736049,12735.653204731714,10186.792650503594,0,0,2069.0507433167977,2212.4801270157905,1646.6290365836917,10800.0,809.5198545555554,475.26,5.684341886080802e-14,0.21502309991046786
2025-04-19,10228.698847701646,236.34248923693542,0.0,10465.04133693858,25859.15128332402,26021.817098118285,0.0,17274.53834704729,12494.016334099282,10531.41683302829,0,0,2212.4801270157905,1755.520568784818,1686.9842744638306,10800.0,790.7936038888889,475.26865,0.0,0.25917849969118834
2025-04-20,33417.78285233686,2079.4331191458687,0.0,35497.21597148273,54984.89928542788,56827.198396444815,0.0,802.971574971836,19843.68858590583,15777.20664776618,0,0,1755.520568784818,2084.61068747098,1755.520568784818,10800.0,833.3333333333333,721.5449,1.1368683772161603e-13,0.2197094999719411
2025-04-21,33859.644495139066,-559.6368060450436,0.0,33300.007689094025,56562.26290336159,53377.57142263738,0.0,1745.0488147066164,18448.522853349183,15332.910628751746,0,0,2084.61068747098,1651.7138902055278,1605.400776501825,10800.0,826.0189777777776,740.0643833333334,0.0,0.260863000061363
2025-04-22,32497.407154136956,2486.9100696588257,0.0,34984.317223795784,53586.584079084874,56520.1208943722,0.0,833.2854607810438,19352.876159265415,15818.970042340916,0,0,1651.7138902055278,1492.669053165607,1487.1012435359771,10800.0,833.3333333333333,736.1570333333333,0.0,0.24470439995639026
2025-04-23,32966.75827752829,2284.4760306383664,0.0,35251.23430816666,53473.48686234656,56287.60574880577,0.0,936.533717430376,18974.34203269489,15023.186717986147,0,0,1492.669053165607,1877.1471959397304,1492.669053165607,10800.0,833.3333333333333,748.3694499999999,0.0,0.23514979984611273
2025-04-24,32641.311285550724,694.5963709484921,0.0,33335.907656499214,53713.646192467655,54115.17521695781,0.0,3339.0190352048676,19113.628709092343,15427.579227339402,0,0,1877.1471959397304,1937.6583370790627,1420.042065487087,10800.0,833.3333333333333,745.5016666666667,0.0,0.2793565003667027
2025-04-25,9698.81673099439,-80.76530680390346,0.0,9618.051424190486,25341.04132328499,25128.755350408195,0.0,20897.863770996286,12464.61180698255,10234.077877570644,0,0,1937.6583370790627,1784.611321618201,1518.3607574823982,10800.0,821.1697333333332,490.2083333333333,5.684341886080802e-14,0.2190815000794828
2025-04-26,9878.389275974478,282.02591604345156,0.0,10160.415192017928,25289.083318920028,25450.68034470686,0.0,23382.469868263746,12227.267605964362,10229.250762854583,0,0,1784.611321618201,1423.317986036599,1423.317986036599,10800.0,833.3333333333333,484.1332333333333,5.684341886080802e-14,0.22779740020632744
2025-04-27,31485.518474306817,2534.217383142045,0.0,34019.73585744886,52119.929565424434,53949.22790947006,0.0,1316.4630158748082,19142.549473432104,15083.255763170186,0,0,1423.317986036599,1892.4394419364007,1423.317986036599,10800.0,833.3333333333333,733.8631166666667,0.0,0.23917390033602715
2025-04-28,32949.66368186279,7863.347526478438,0.0,40813.011208341224,53888.265977752286,62240.94031627753,0.0,1942.8371448434439,19151.2646899432,15475.128835175778,0,0,1892.4394419364007,1933.9900682455288,1684.9727015853136,10800.0,833.3333333333333,730.8916666666667,0.0,0.2861056998372078
2025-04-29,31215.47128958629,1012.0438593573647,0.0,32227.515148943654,51656.904003556614,52407.47378132244,0.0,1658.22819177267,17801.26978286339,14485.237909980282,0,0,1933.9900682455288,1860.4240839555982,1478.1465906091214,10800.0,833.3333333333333,748.9916666666666,0.0,0.23926489986479282
2025-04-30,30793.071370238773,824.4477197004719,0.0,31617.519089939244,50942.97018939111,51831.63902832381,0.0,272.31688890739497,17597.119852605123,14294.652146522043,0,0,1860.4240839555982,1814.8851218312752,1602.0826507648585,10800.0,833.3333333333333,746.8378333333334,1.1368683772161603e-13,0.21464390004985034
2025-05-01,32898.968687558976,2992.913167493255,6966.617273035512,42858.499128087744,52323.032120806296,54371.516556776565,1505.139094804938,1742.9389805062024,18322.357159070823,15200.019287995514,16,0,1814.8851218312752,1416.096245,1200.0,10800.0,830.9366666666665,819.6148166666667,0.0,0.20777289965189993
2025-05-02,11034.867620050569,1889.7538628988423,3123.010577854982,16047.632060804393,26969.5464446989,28570.137161900097,655.8024642036285,12329.214193063899,13161.989217461061,10555.58386775457,9,0,1416.096245,1533.4600209876542,1200.0,10800.0,812.4286133333333,546.4155499999999,5.684341886080802e-14,0.19734270009212196
2025-05-03,11368.965612240598,162.2864559121203,2705.64944917352,14236.901517326238,27597.59289437517,27722.461204066865,638.2039457292983,16868.467259232362,13378.325550920581,10753.299310356779,8,0,1533.4600209876542,1625.8426719753081,1200.0,10800.0,833.3333333333333,572.5083333333333,0.0,0.19982870016247034
2025-05-04,35296.72006507508,1836.751524406838,0.0,37133.47158948192,56046.6298067181,55972.80634306955,0.0,230.54366184841834,18456.826218831025,14449.230870943222,0,0,1625.8426719753081,2182.2853012085434,1625.8426719753081,10800.0,814.4074833333334,803.8746,0.0,0.2756942000705749
2025-05-05,36821.61774271713,2404.6076705647743,0.0,39226.2254132819,57354.475423360185,59364.69403316926,0.0,6.947816666666768,19144.910808317512,14863.17139181491,0,0,2182.2853012085434,2898.070148899961,1897.0974669683858,10243.65318828993,833.3333333333333,808.7307535515351,0.0,0.2821271996945143
2025-05-06,36290.1649920139,2509.6624565206157,0.0,38799.82744853452,55413.998650878944,57240.04271856345,0.0,400.1494939263507,18779.384681821608,14809.573823851175,0,0,2898.070148899961,3344.43433603811,1388.7489210829026,10800.0,833.3333333333333,800.3633333333333,1.1368683772161603e-13,0.2712363002356142
2025-05-07,36847.916944137934,3222.0688927114243,0.0,40069.98583684936,56745.00934190758,60067.131989207,0.0,1202.6968790836327,19194.445995980546,15397.856835857176,0,0,3344.43433603811,3510.705914801525,2085.7293892716098,10800.0,833.3333333333333,812.3016666666667,1.1368683772161603e-13,0.24254980008117855
2025-05-08,37204.852314214644,1541.9115183562035,8.92868340845655,38755.6925159793,58850.09476644854,59441.83584050605,1.263433339246717,90.04186127645997,18149.99986186863,14623.454849299793,1,0,3510.705914801525,3597.4226245946375,2282.4972638189693,10800.0,833.3333333333333,833.3333333333333,0.0,0.21197140007279813
2025-05-09,11445.501529220266,1383.0040471437978,0.0,12828.505576364063,26657.27320009783,27762.88486301386,0.0,17042.00659104327,12418.954792676124,10197.462370705543,0,0,3597.4226245946375,3443.9681927747683,1722.8329738971252,10800.0,717.3048333333331,560.7918,0.0,0.1848147998098284
2025-05-10,12341.028188238324,665.8545872182976,0.0,13006.882775456623,27651.13600671308,28287.799510627727,0.0,14371.175026295727,11682.96006991433,9887.380868915669,0,0,3443.9681927747683,2972.6535124580355,2267.479796699987,10800.0,709.0735666666665,554.0049499999999,5.684341886080802e-14,0.16580599988810718
2025-05-11,37465.95243957848,830.942550001304,66.04751555555556,38362.94250513534,59134.13419382434,59505.77485485685,9.915555555555557,383.76270053073983,18103.991313446946,14456.142686898613,1,0,2972.6535124580355,3203.864931339615,1954.4877902618227,10800.0,833.3333333333333,833.3333333333333,0.0,0.26253060018643737
2025-05-12,35634.80434167459,1522.5620693311207,0.0,37157.366411005714,55552.03333797793,56354.82318894699,0.0,1133.9467603459607,16217.011306398761,12927.330111131063,0,0,3203.864931339615,3435.4749836195365,2369.547753151742,10800.0,833.3333333333333,800.3751604634277,1.1368683772161603e-13,0.3099791998974979
2025-05-13,36203.97657711904,385.56337454245084,0.0,36589.53995166149,57917.107825292915,57109.13385189067,0.0,1511.1774739280286,16821.491012458115,14352.747401162136,0,0,3435.4749836195365,2627.319782429467,2066.090432429467,10800.0,833.3333333333333,813.3896661198089,1.1368683772161603e-13,0.3040788001380861
2025-05-14,35991.56701187366,585.5340963722226,0.0,36577.10110824588,57237.34080822101,56965.9918056811,0.0,950.7428579306329,17906.398052026358,14905.297887609218,0,0,2627.319782429467,2181.6359319096164,1949.0183019713456,10800.0,833.3333333333333,823.0083333333333,0.0,0.2681629001162946
2025-05-15,36173.99751925609,29.608625844688333,0.0,36203.60614510078,56850.30832702649,56597.817505091414,0.0,20.86630389160746,18901.658680256278,15089.765762389807,0,0,2181.6359319096164,2426.722341484922,1951.0313113614657,10667.674806404433,833.3333333333333,794.4888888888887,1.1368683772161603e-13,0.2689691998530179
2025-05-16,11574.423126572172,-18.195796384698077,0.0,11556.227330187474,26708.396028785406,26562.960705890935,0.0,21880.501671630012,11943.065272664633,9976.112771737045,0,0,2426.722341484922,2090.911340508594,1683.8283556034391,10800.0,833.3333333333333,566.1133333333332,5.684341886080802e-14,0.17869480000808835
2025-05-17,11426.435234625045,386.23346934862286,0.0,11812.668703973668,26669.18896493713,27047.732366869055,0.0,14899.717239681757,11924.501348341764,10225.285304487797,0,0,2090.911340508594,1461.534437918629,1385.1213364665898,10800.0,804.2256271111112,593.3274333333333,0.0,0.20147800003178418
2025-05-18,35648.93375859165,2143.2689558036063,34.42846500000008,37826.631179395255,57780.52024936797,60033.29955772242,5.236666666666679,2088.8838774449323,19550.798649642966,15277.314402698808,1,0,1461.534437918629,2082.459441820849,1461.534437918629,10800.0,833.3333333333333,833.3333333333333,1.1368683772161603e-13,0.27375280018895864
2025-05-19,33612.192070393765,308.53906296433627,361.6762702777775,34282.40740363588,54151.357081662696,53477.11057111531,51.82722222222219,2643.5117803217076,17762.651061147724,14392.441598131894,1,0,2082.459441820849,2077.2436211516992,1718.5098325097235,10800.0,831.266111111111,833.3333333333333,0.0,0.21543010021559894
2025-05-20,32867.145157029474,5396.019874094617,0.0,38263.16503112409,52824.770914996356,58538.95496120705,0.0,1131.531331658587,18234.22562909512,15354.196816213323,0,0,2077.2436211516992,1427.8280026558348,1277.5433897478094,10800.0,833.3333333333333,831.5733333333333,1.1368683772161603e-13,0.24780410015955567
2025-05-21,33038.56209369113,3302.1327935199015,0.0,36340.69488721103,51870.20614514098,55502.28043457493,0.0,540.5786785064652,17314.58344433794,13715.496971602806,0,0,1427.8280026558348,1771.5120230013067,1427.8280026558348,10800.0,833.3333333333333,795.3666666666666,0.0,0.2715873003471643
2025-05-22,33453.400734241935,2309.987756715873,0.0,35763.388490957805,53217.32144682045,56073.17172233456,0.0,1005.4074349031225,18600.315563143195,14349.18209237842,0,0,1771.5120230013067,2568.2603716319363,1771.5120230013067,10800.0,833.3333333333333,783.669633118282,0.0,0.2609347002580762
2025-05-23,10907.356072836898,1374.593533011907,0.0,12281.949605848804,25842.84162495,27150.65328803601,0.0,18193.16640057436,12017.829518097134,9481.291513968812,0,0,2568.2603716319363,2849.5385890651255,1502.6577136606543,10800.0,766.2504666666667,551.3140666666666,0.0,0.20971499988809228
2025-05-24,11241.707401536532,199.33369461103598,0.0,11441.041096147568,25599.41850487965,25815.10009643243,0.0,20649.962371138856,11062.068209193314,9651.431867233074,0,0,2849.5385890651255,2081.586791524587,1578.3480568701468,10800.0,833.3333333333333,551.4284333333334,0.0,0.20649410015903413
2025-05-25,33821.485323441986,588.0740285833467,0.0,34409.55935202533,53993.13902540821,53192.83287408706,0.0,1352.3498151049334,17284.352094519196,13988.879218870408,0,0,2081.586791524587,2094.304544513637,1587.7428998840078,10800.0,833.3333333333333,802.3829932115667,0.0,0.23947340017184615
2025-05-26,33032.915141963094,5733.44264826201,0.0,38766.357790225105,52671.96710960123,59312.92940030467,0.0,1344.84586713221,18394.42332622633,15006.17274305387,0,0,2094.304544513637,1975.7602680574769,1553.682577256866,10800.0,833.3333333333333,824.9333333333334,1.1368683772161603e-13,0.24325020029209554
2025-05-27,32516.480634255233,805.5276798657735,0.0,33322.008314121005,51686.421582277035,52666.098028432214,0.0,159.76960160196018,17453.710495840736,14337.749369010482,0,0,1975.7602680574769,1753.2670820802732,1638.588140500003,10800.0,833.3333333333333,808.5332038888889,0.0,0.3032035001087934
2025-05-28,34556.58569900321,1284.8146980968982,0.0,35841.40039710011,55733.62851166543,56713.351170500915,0.0,616.072303053954,18843.416090407445,15019.961322960484,0,0,1753.2670820802732,2023.4956490464317,1753.2670820802732,10800.0,815.9203983198371,819.2961833333334,0.0,0.27301079989410937
2025-05-29,34287.82611042746,2971.437107513245,0.0,37259.2632179407,55102.44861709431,58052.89434650741,0.0,260.237213184466,19042.849441269736,15360.31580794678,0,0,2023.4956490464317,2095.042581803883,1461.8584333093822,10800.0,833.3333333333333,815.395,1.1368683772161603e-13,0.2498880997300148
2025-05-30,11619.192687836112,279.46152218094363,0.0,11898.654210017055,26816.313958847008,27066.213228991197,0.0,17875.288021867094,12206.189515052318,9611.497574594885,0,0,2095.042581803883,2401.1713958010996,1658.5298296803867,10800.0,823.884131111111,532.5197666666666,0.0,0.18558680010028183
2025-05-31,11384.73079998842,-193.35148216150805,0.0,11191.379317826912,27121.61068667987,26529.166639663446,0.0,16513.95532555836,12150.72040717078,10524.690643065696,0,0,2401.1713958010996,1642.7190477373638,1556.2605102345683,10800.0,833.3333333333333,551.28035,0.0,0.24235100019723177
2025-06-01,42984.88927085954,12257.534515972973,7065.176520554218,62307.60030738673,63772.19933671644,72889.42875596293,1530.9226299744091,222.44880955215876,17744.860101835886,14771.783825450697,24,0,1642.7190477373638,1200.0,1200.0,10376.553223854107,833.3333333333333,833.3333333333333,1.1368683772161603e-13,0.26813270011916757
2025-06-02,46985.78424836043,5182.8427083608,1286.8613764397833,53455.48833316101,70268.89412209795,72538.52736839106,292.57772599178605,224.72474812343967,20871.436296102245,16905.863399842823,10,0,1200.0,1200.0,1200.0,10771.345775241602,833.3333333333333,833.3333333333333,0.0,0.23688389989547431
2025-06-03,47739.31113847258,3997.13299281507,744.9329417527895,52481.377073040436,70901.90208700756,74111.46354255197,108.7417060249187,1260.1867012123112,20974.83623393481,16207.184519903556,3,0,1200.0,2069.369810648489,1200.0,10800.0,833.3333333333333,833.3333333333333,0.0,0.3040966000407934
2025-06-04,54272.58026870991,3.131593677115177,80.58438411913725,54356.296246506165,79050.39731006921,76510.37588938243,11.471903212917255,2071.902113053201,20699.830736889504,15895.145874014022,1,0,2069.369810648489,3037.944280500127,1844.556552898292,10800.0,833.3333333333333,833.3333333333333,0.0,0.26667310018092394
2025-06-05,50633.178235631945,2284.0423892028125,56.36213695270845,52973.58276178747,73716.12211737502,75262.79507398875,8.200428508403661,199.9664808713072,21250.78983673559,17329.078831776405,2,0,3037.944280500127,2909.123098255039,1438.6476284355838,10800.0,833.3333333333333,833.3333333333333,1.1368683772161603e-13,0.2816811001393944
2025-06-06,14076.183679229292,6931.331459101265,2910.036907989354,23917.55204631991,29266.097160954072,34192.730447591646,565.1711464711409,3011.704587707469,11924.081362025569,11032.879755670248,7,0,2909.123098255039,1382.0410399999998,1200.0,10800.0,666.0559161995614,662.1683333333333,0.0,0.24020269978791475
2025-06-07,16249.373746196696,2616.393648772175,294.61997127581424,19160.387366244682,33292.36164570686,35441.37435876239,53.041379708421914,1520.9551527683836,13630.827033219834,10783.879614184074,2,0,1382.0410399999998,1667.6969096933185,1200.0,10800.0,749.374231111111,659.9410833333333,0.0,0.23192549985833466
2025-06-08,52584.409996427334,-948.8230306402605,0.0,51635.58696578707,77920.36871851486,73187.77975652574,0.0,2430.3395325376823,20313.20167316236,14740.684715840967,0,0,1667.6969096933185,3571.03984238282,1667.6969096933185,10800.0,833.3333333333333,818.8556233052543,1.1368683772161603e-13,0.26685699983499944
2025-06-09,55936.42016785075,-556.7560579859529,0.0,55379.664109864796,79526.13595602303,77509.28155128121,0.0,2433.3565039115792,21206.27912233861,17063.06680830231,0,0,3571.03984238282,3697.727932151682,2079.666888301681,10800.0,833.3333333333333,807.542118545117,0.0,0.28657089988701046
2025-06-10,53379.9526260937,2633.0695613352436,0.0,56013.02218742894,76573.81557659888,78208.34014658032,0.0,2782.152960576458,20891.463720710493,17083.720768039966,0,0,3697.727932151682,3518.1333163022714,1893.480336544641,10800.0,833.3333333333333,800.6156810468151,0.0,0.2247246999759227
2025-06-11,55707.48835573483,4266.604231511841,875.332032258541,60849.42461950521,79204.73173937522,82291.88174664206,166.25834779678848,1696.3619173239326,22897.906600235357,18220.574739787102,2,0,3518.1333163022714,3881.166212306198,1200.0,10800.0,833.3333333333333,815.1356328540902,1.1368683772161603e-13,0.24039759999141097
2025-06-12,53530.69932857808,1160.4202147345165,0.0,54691.11954331259,76751.55232359732,76878.24530848925,0.0,527.9759490548738,21460.603455818502,17562.72552971745,0,0,3881.166212306198,3681.569845079015,2115.8557633260443,10800.0,833.3333333333333,811.0301729261546,1.1368683772161603e-13,0.2569780999328941
2025-06-13,16211.515695270147,1494.9434595722303,0.0,17706.459154842378,32367.218367050962,33391.051173737644,0.0,4003.6939854610764,11999.68670095637,10957.643212679799,0,0,3681.569845079015,2306.1287507399725,1322.308610250088,10800.0,729.9114166666666,637.9376166666666,0.0,0.2655389001592994
2025-06-14,18552.02941380743,-34.79966087613475,0.0,18517.229752931296,35433.496400288706,35331.797516888386,0.0,6335.736250864545,13012.971858513674,10210.253342489834,0,0,2306.1287507399725,2673.0774873024684,1914.7577237006178,10800.0,833.3333333333333,655.4149666666666,0.0,0.16458110022358596
2025-06-15,51497.87885045748,1889.726565525122,0.0,53387.6054159826,75082.4550750966,76589.7771068739,0.0,1384.0521117410608,22201.22990407465,17622.479242275156,0,0,2673.0774873024684,3073.6519095528242,2020.5589616944512,10800.0,833.3333333333333,824.9353395075484,0.0,0.2406590001191944
2025-06-16,52847.37937167923,3015.134941766598,0.0,55862.51431344583,76101.32180132574,77357.4529276804,0.0,469.0893935935736,20892.27859852726,16697.967881107084,0,0,3073.6519095528242,3323.4050025528204,1943.4333297304631,10800.0,833.3333333333333,827.2571803111488,0.0,0.2437862001825124
2025-06-17,52912.233948956986,2472.62539250395,160.47299481666607,55545.3323362776,75999.90928252609,77824.33042133553,22.484429166666587,346.7965543995969,21661.934055094483,18798.92697565854,3,0,3323.4050025528204,1931.449012517255,1339.4604341221932,10800.0,833.3333333333333,833.3333333333333,1.1368683772161603e-13,0.2367378999479115
2025-06-18,53246.008344061,52.59220378671157,0.0,53298.60054784772,77059.4851051773,76203.9253987305,0.0,1168.7631326789128,20632.182155020913,16525.41078896931,0,0,1931.449012517255,2138.8454087368377,1751.2529256701719,10800.0,833.3333333333333,811.8838943257123,1.1368683772161603e-13,0.2526736001018435
2025-06-19,50242.545002548184,2262.5256094801225,74.02935620248309,52579.09996823079,74180.79541803357,73940.10585525312,10.400302922517994,1575.0103371943112,21396.297041084275,17280.305420102937,1,0,2138.8454087368377,2195.1733900427603,1444.50506737805,10800.0,833.3333333333333,833.3333333333333,1.1368683772161603e-13,0.24943930003792048
2025-06-20,17472.794553398595,-47.727297673490824,0.0,17425.067255725105,34081.51890016337,33982.43945359903,0.0,8882.960870698047,12250.130542851537,9551.232809950552,0,0,2195.1733900427603,2607.809978664087,2130.430575145568,10800.0,822.2604261111111,636.115,0.0,0.20909599983133376
2025-06-21,16673.47558091767,488.24994659948356,0.0,17161.725527517156,32788.92697978756,33321.625763143944,0.0,11643.811261520888,11986.915585483179,9643.841483860124,0,0,2607.809978664087,2680.6545790876958,1655.6700644794053,10800.0,807.4108333333332,667.4907,5.684341886080802e-14,0.19307210016995668
2025-06-22,47730.6925017015,2549.867137264211,0.0,50280.559638965715,69931.71705049943,71018.02537194264,0.0,97.68036609798605,19988.407454037977,16525.403548193317,0,0,2680.6545790876958,2308.661789729305,1972.1598250713978,10392.67149534869,833.3333333333333,830.3657878783448,0.0,0.3296052000951022
2025-06-23,46755.27993068576,2999.2714839118007,21.28479658574199,49775.836211183305,69301.57533299777,70863.02133914283,3.035698008377949,233.84914770110026,20517.157617310433,16946.23572786032,1,0,2308.661789729305,1944.9528365750107,1646.465037848467,10621.808098740741,833.3333333333333,833.3333333333333,1.1368683772161603e-13,0.2625723001547158
2025-06-24,52519.79260202799,7252.594513744123,0.0,59772.387115772115,75035.82587892594,81084.15420735275,0.0,454.4878670427066,22771.367438952107,18410.493348642063,0,0,1944.9528365750107,1983.0798109185077,1738.4745677231308,10800.0,833.3333333333333,829.269612275664,1.1368683772161603e-13,0.28483519959263504
2025-06-25,48473.50665685121,2953.319336047215,0.0,51426.825992898426,72028.38781832464,74716.26385372432,0.0,306.6439761111311,21979.68565887507,18007.487147928543,0,0,1983.0798109185077,1756.4778506521302,1449.6801987385497,10752.31445002044,833.3333333333333,824.3902277777777,0.0,0.294032400008291
2025-06-26,47549.730388248856,1557.08785165234,310.6808518067145,49417.499091707905,71131.20918616316,72805.99268238779,44.29780643903382,1081.3189792370815,21494.481139471434,17272.893463215016,3,0,1756.4778506521302,1909.4070281597335,1453.2897919251661,10800.0,833.3333333333333,833.3333333333333,0.0,0.32771719992160797
2025-06-27,16591.253347601272,-188.3558255146906,0.0,16402.897522086583,33752.34086344206,32880.41253233803,0.0,10340.23762521605,12934.704764199758,10166.175723744438,0,0,1909.4070281597335,2254.8905117790273,1626.8168562852006,10800.0,833.3333333333333,641.4883333333332,0.0,0.2201548998709768
2025-06-28,15934.335409852381,720.6262026332428,0.0,16654.961612485626,31770.32946318919,32494.30577158419,0.0,8906.111910024458,11956.908902632777,10145.641157739708,0,0,2254.8905117790273,1743.1739044377423,1726.4390778328036,10800.0,833.0318266666666,628.0102833333333,0.0,0.2121327999047935
2025-06-29,47565.57095650301,5774.00663441082,0.0,53339.57759091383,70103.54944545683,74858.85229017188,0.0,1388.9221056005922,20626.119490783665,16423.9578395457,0,0,1743.1739044377423,2057.839402203389,1642.870147512031,10800.0,833.3333333333333,803.2252497222224,0.0,0.42776860017329454
2025-06-30,48539.112670795395,2038.9483230787791,406.739659055352,50984.80065292953,72157.72245921784,73767.31691319005,58.65195467974786,513.3785352951222,20099.208683824745,16664.302334583394,2,0,2057.839402203389,1631.2357347752245,1631.2357347752245,10800.0,833.3333333333333,833.3333333333333,0.0,0.22856760025024414
2025-07-01,50323.23687952911,21162.19596382489,0.0,71485.432843354,68352.69045527013,82880.98632871023,0.0,536.6058931624533,19164.77939379847,15686.942991584023,0,0,1631.2357347752245,1449.6005318782638,1449.6005318782638,10800.0,833.3333333333333,826.0795501519034,0.0,0.285512899979949
2025-07-02,53680.19902374896,6991.6525046880415,285.62610610848617,60957.47763454549,72536.01479852482,76609.90399273988,33.252774206517984,247.80111731413325,18542.947103714607,15052.357820749005,2,0,1449.6005318782638,1413.4109021669615,1274.9572600043962,10800.0,833.3333333333333,833.3333333333333,1.1368683772161603e-13,0.2661053996998817
2025-07-03,61013.89617660768,5803.777996732017,61.79272546659041,66879.46689880629,81356.97668437411,84747.92071268077,6.8903574338303315,197.72660805896328,21189.03747373155,16392.37194500924,1,0,1413.4109021669615,2269.798022959533,1350.443354708916,10800.0,833.3333333333333,833.3333333333333,0.0,0.23369599995203316
2025-07-04,18419.80410297924,8207.593692900273,3268.3802953764625,29895.778091255976,33205.739797811766,39303.40882940021,1176.048434092934,10302.142090812074,11720.178824620934,10423.731118606534,18,0,2269.798022959533,1236.0355,1200.0,10800.0,833.3333333333333,779.2083333333333,0.0,0.24483289988711476
2025-07-05,21586.895534674917,5811.409403773758,0.0,27398.304938448673,39364.99176583741,43317.995112912904,0.0,11152.328386253434,13784.879582607899,10409.292822615096,0,0,1236.0355,2076.546210330337,1236.0355,10800.0,833.3333333333333,741.9765333333332,0.0,0.2020734001416713
2025-07-06,64144.653347419924,5343.069879993147,201.3746190083371,69689.0978464214,83860.96022073479,87953.76484221895,23.661494444444884,2540.1307318085132,23316.048079650252,17672.73402479537,2,0,2076.546210330337,3424.6183433540446,1752.8136752690702,10800.0,833.3333333333333,833.3333333333333,0.0,0.269700099946931
2025-07-07,62983.67405527379,-1520.4873872237524,0.0,61463.18666805004,83165.29510861842,79006.90985447916,0.0,1934.2825978964463,18940.447340577775,15277.302850661736,0,0,3424.6183433540446,3496.2400046943303,1975.0132938305392,10800.0,833.3333333333333,813.2887458580605,0.0,0.32128869998268783
2025-07-08,64408.10218216014,-657.1837717622872,0.0,63750.918410397855,84950.19750620516,80524.80334469798,0.0,1459.0305042546509,19404.75217242028,15910.366348643613,0,0,3496.2400046943303,3282.3321280463424,1614.4423338058982,10800.0,833.3333333333333,806.2094444444443,0.0,0.27277270006015897
2025-07-09,64135.401259183025,-1727.1788401622966,105.19827878602085,62513.420697806745,84952.75831469955,80661.46390563127,12.080647540884343,2454.9244094540672,20115.189974443616,15955.294847392186,1,0,3282.3321280463424,3657.897719054274,1957.5834712007068,10800.0,833.3333333333333,833.3333333333333,1.1368683772161603e-13,0.30989979999139905
2025-07-10,61514.696502962244,-871.3422026543669,42.22706929999888,60685.58136960787,80592.5350620611,77569.27521428937,5.0011333333332,1027.341729375857,19737.274886423613,16043.963651510086,1,0,3657.897719054274,3594.8188373798735,1853.5385338573608,10800.0,833.3333333333333,833.3333333333333,1.1368683772161603e-13,0.2575319998431951
2025-07-11,25010.4321506444,-23.819036446010745,0.0,24986.61311419839,42337.61653254159,42074.42105482129,0.0,7983.960061211545,12659.442318074847,11087.758474465103,0,0,3594.8188373798735,2668.5852853526785,1481.1511953526792,10800.0,731.9388777777776,740.9250666666666,0.0,0.21420529973693192
2025-07-12,26338.314189820812,825.0884919379156,0.0,27163.40268175873,44890.98323389444,45536.8801672174,0.0,11530.203331972889,13299.589360359207,10377.15585844803,0,0,2668.5852853526785,3108.0425336225985,1853.518022678153,10800.0,833.3333333333333,725.16835,0.0,0.2186215000692755
2025-07-13,61294.65575258358,-3319.8556606963302,64.25840694444581,58039.0584988317,82493.17460629738,73029.04951751324,7.409444444444603,403.41034815231114,19726.093113912964,16360.764900107593,1,0,3108.0425336225985,2682.898669358053,1503.8063975747202,10742.07726109568,833.3333333333333,833.3333333333333,0.0,0.19228530023247004
2025-07-14,57840.58665671047,693.1116142881921,22.458783383596188,58556.15705438226,77875.1816069739,76678.81167187044,2.6542319191155457,886.7750552636824,19238.959036119326,15251.947404260103,1,0,2682.898669358053,3051.3535749097778,1912.3049600332342,10800.0,833.3333333333333,833.3333333333333,0.0,0.20620909985154867
2025-07-15,58370.640366555584,-133.2640987013639,0.0,58237.37626785422,77778.35410402685,76574.38501394686,0.0,105.15607442480663,19232.24103941211,15512.062683223394,0,0,3051.3535749097778,3124.7453067991332,1842.3651959966633,10800.0,833.3333333333333,789.9843888888887,1.1368683772161603e-13,0.26715860003605485
2025-07-16,56743.34307369738,1978.0041861032844,261.3759850710826,58982.723244871755,73811.37585034542,75461.07968438693,31.240779904509964,532.8046351016753,18719.540466527156,15894.588020670717,1,0,3124.7453067991332,2311.6783703727724,1810.259454231624,10800.0,833.3333333333333,833.3333333333333,1.1368683772161603e-13,0.2489211002830416
2025-07-17,55201.892717421506,4409.582157904919,216.8007600050942,59828.27563533152,73103.13067143846,77184.06194537073,25.368682425122188,800.2959796024908,20596.546168368586,16907.827586841897,1,0,2311.6783703727724,2062.094825413503,1645.7675680060952,10800.0,833.3333333333333,833.3333333333333,0.0,0.27232699980959296
2025-07-18,24265.890603081498,-300.7765936410901,0.0,23965.114009440407,42040.45830565553,41225.1520715642,0.0,7132.840922007179,13014.9340396521,10196.870990095082,0,0,2062.094825413503,2445.678805439189,1937.123215269942,10800.0,815.4871938888888,742.04435,0.0,0.2378329001367092
2025-07-19,23897.835353375485,-46.70425941298998,0.0,23851.131093962496,40971.20674802875,40704.49514524806,0.0,11806.6260185965,12306.318994762953,10591.268918111391,0,0,2445.678805439189,1753.2893250465263,1463.4214802317113,10800.0,833.3333333333333,741.6691333333333,5.684341886080802e-14,0.24374890024773777
2025-07-20,57205.18712735513,-53.71676173869564,0.0,57151.470365616435,77634.8305975339,76729.2542573784,0.0,451.14805572723463,20387.786928157584,16199.65894317308,0,0,1753.2893250465263,2102.6765124182684,1753.2893250465263,10800.0,833.3333333333333,832.426788888889,1.1368683772161603e-13,0.3176984000019729
2025-07-21,58046.30984217426,3515.6346846931456,0.0,61561.94452686741,76804.57761092906,79734.06935745137,0.0,1738.7263665649905,20366.71987325251,16361.126232366118,0,0,2102.6765124182684,2253.69525127207,1667.182836395527,10800.0,833.3333333333333,831.092777777778,0.0,0.2753874999471009
2025-07-22,55696.73084181831,5464.917586134867,192.39758749999976,61354.046015453176,74040.96416299144,78128.70317237305,22.654999999999973,1173.6177602282382,18699.359269758817,15516.76347428068,1,0,2253.69525127207,1842.270289298701,1543.8028134243868,10780.237901231054,833.3333333333333,833.3333333333333,0.0,0.2965453998185694
2025-07-23,59347.31680621364,-15.569498944337965,0.0,59331.7473072693,80004.21414113815,78264.08108339198,0.0,19.243073055555442,21538.445769123296,17510.154875453536,0,0,1842.270289298701,1771.1438421168514,1442.5122041995626,10560.764014157612,833.3333333333333,825.428188028398,1.1368683772161603e-13,0.2618686002679169
2025-07-24,59672.692766273845,416.91778339479214,0.0,60089.610549668636,79556.6496357829,78309.57542126771,0.0,129.56022640305855,20540.713135652564,15977.169940787906,0,0,1771.1438421168514,2505.3746188842647,1771.1438421168514,10493.659425479056,833.3333333333333,802.6826376524575,1.1368683772161603e-13,0.31936129997484386
2025-07-25,23306.055679320845,-219.75925111022337,0.0,23086.296428210622,40304.692637364016,39874.135684358116,0.0,11298.572193019863,12613.477994639474,10543.234069967884,0,0,2505.3746188842647,2142.800291873253,1589.5759549343643,10800.0,833.3333333333333,714.62075,0.0,0.2684440999291837
2025-07-26,23141.964797200002,398.11435763383514,0.0,23540.07915483384,40025.52817774456,40397.87005336974,0.0,9753.10420060995,12915.409995931097,10739.735709837969,0,0,2142.800291873253,1833.6296106134919,1540.8017232751683,10800.0,824.3326695555554,730.4740333333332,0.0,0.2329786999616772
2025-07-27,56664.676048688874,2378.6059623599585,0.0,59043.28201104883,76640.89725245131,78060.36459751193,0.0,517.9806090635243,20594.46483539038,16737.27064694197,0,0,1833.6296106134919,1771.6805769737573,1529.5172831589425,10800.0,833.3333333333333,829.5544444444446,0.0,0.3692810998763889
2025-07-28,57264.62350225174,7060.680545641279,0.0,64325.30404789302,76959.07868853387,83006.96973270079,0.0,1109.6093859878981,21909.165976977165,17966.682863597598,0,0,1771.6805769737573,1526.9489967003249,1223.4356750361892,10800.0,833.3333333333333,827.3038888888889,1.1368683772161603e-13,0.2536070002242923
2025-07-29,56782.19171582923,6656.665845026798,494.4259103804425,63933.28347123647,76399.51649031517,82694.78104993311,56.71114266666643,2560.0213735596276,21370.957750119727,17248.73288107957,3,0,1526.9489967003249,1595.5522150530028,1264.0597484595457,10800.0,833.3333333333333,833.3333333333333,1.1368683772161603e-13,0.25017340015619993
2025-07-30,55897.14196050356,6290.435263790407,0.0,62187.57722429397,74074.98194184808,79518.56449908059,0.0,1023.2791121359418,20498.479447486294,16106.448110541649,0,0,1595.5522150530028,2148.130261633288,1595.5522150530028,10800.0,833.3333333333333,818.1838497327525,1.1368683772161603e-13,0.31025909981690347
2025-07-31,56231.59124731282,3673.7534112212234,3.485898648554802,59908.8305571826,75918.77899161453,79155.62596283681,0.4232771111110196,785.3150771129706,20737.730234871764,17061.992338703465,1,0,2148.130261633288,1854.3182077917972,1403.0835590263655,10800.0,833.3333333333333,833.3333333333333,1.1368683772161603e-13,0.27876039990223944
2025-08-01,23629.693611171606,-147.9015580443059,0.0,23481.7920531273,40784.15715493351,40192.69308972107,0.0,15919.455376981252,13034.385689835115,10012.507643761957,0,0,1854.3182077917972,2460.2568355745566,1732.1737449055563,10800.0,833.3333333333333,725.0833333333333,0.0,0.191663000266999
2025-08-02,22644.307198204508,-233.87872336744564,0.0,22410.428474837063,39544.80931166874,39018.240075748254,0.0,16402.475450495265,12296.615704056192,10607.876012136529,0,0,2460.2568355745566,1740.682066851205,1582.3262276395606,10800.0,833.3333333333333,720.14,5.684341886080802e-14,0.2272225001361221
2025-08-03,51837.53767818473,-495.29180875170493,611.8299251852163,51954.07579461824,70866.08755170075,68101.73251124231,90.92655399359982,2288.459853800896,18691.226780356683,15626.507552254994,8,0,1740.682066851205,1200.0,1200.0,10800.0,833.3333333333333,833.3333333333333,1.1368683772161603e-13,0.21221650019288063
2025-08-04,52841.56625252464,740.2809071696778,0.0,53581.84715969431,70915.51422028345,70094.96524157355,0.0,199.05196487886354,19557.593937324447,15077.335743963074,0,0,1200.0,2049.2392725219156,1200.0,10800.0,833.3333333333333,792.2792832929247,1.1368683772161603e-13,0.2260016999207437
2025-08-05,51147.479108654195,1566.6084549441744,0.0,52714.08756359837,68056.14903927375,70058.09512619111,0.0,1264.5929275872,19056.184348127932,15414.99188285736,0,0,2049.2392725219156,2072.0364271066587,1877.7312373535724,10800.0,833.3333333333333,816.293538055557,1.1368683772161603e-13,0.22843919973820448
2025-08-06,52949.112785644225,2512.060069875564,0.0,55461.17285551979,69388.19167497006,71976.49373404346,0.0,111.41546185214384,19322.11229877585,15571.433293251204,0,0,2072.0364271066587,2160.3449479480246,1737.5075601085184,10711.461851085398,833.3333333333333,810.4742238630208,1.1368683772161603e-13,0.23089609993621707
2025-08-07,51840.26847976251,1262.154144858813,163.3929045099463,53265.815529131265,71087.06977196272,68576.85961292064,19.97251422980287,1454.7102156637961,19782.88160181074,16028.744940324097,2,0,2160.3449479480246,2155.2217892175872,1626.750196940048,10800.0,833.3333333333333,833.3333333333333,0.0,0.28391189966350794
2025-08-08,21847.9224914951,211.1117456856689,0.0,22059.03423718077,38845.945656203345,39046.5579763095,0.0,20567.292265711796,13189.812703949783,10485.718243352076,0,0,2155.2217892175872,2375.255174603419,1799.9981714475311,10800.0,833.3333333333333,720.2655166666666,0.0,0.21455230005085468
2025-08-09,21790.55551348345,293.68663076549115,0.0,22084.242144248943,38228.92903613036,38357.755192622295,0.0,17809.58559938742,12570.761718774103,10944.521125539226,0,0,2375.255174603419,1528.3616931231966,1440.5913271355423,10800.0,794.5039699999998,700.3216666666665,5.684341886080802e-14,0.2603870998136699
2025-08-10,50435.159914326156,3590.048968411619,529.4109176997976,54554.61980043757,66336.33715665701,69921.12951948112,61.0891057695369,681.7769121301184,19394.889931393416,15399.067268272862,2,0,1528.3616931231966,1873.6878888518684,1528.3616931231966,10800.0,833.3333333333333,833.3333333333333,1.1368683772161603e-13,0.2332551998551935
2025-08-11,48657.946915105305,4957.165735802051,62.97867494563097,53678.09132585299,65662.07625543818,70800.85668519151,7.2284505126757495,2504.794813317265,19573.36641505629,15831.329426002707,2,0,1873.6878888518684,1899.3516335106365,1565.0409642067805,10800.0,833.3333333333333,833.3333333333333,0.0,0.2510273999068886
2025-08-12,50744.56156764402,4805.182551864708,0.0,55549.74411950873,67932.3097941245,72008.49437717651,0.0,526.5014663883126,18903.66133150405,15182.212070715857,0,0,1899.3516335106365,2043.5223088466573,1554.1824464940048,10800.0,833.3333333333333,820.3052319704467,1.1368683772161603e-13,0.25055110012181103
2025-08-13,49853.6302936856,4435.919093931381,0.0,54289.54938761698,66303.73003909906,71145.22796893088,0.0,1069.754258028429,18758.857862234785,14804.363601332345,0,0,2043.5223088466573,2477.201494488692,1748.920202178772,10800.0,833.3333333333333,783.1558014182667,0.0,0.2500835000537336
2025-08-14,50842.480960914094,4076.0167588824024,0.0,54918.4977197965,67537.32050308847,71595.0589437602,0.0,2447.968285731783,18738.44510313985,15517.645428444765,0,0,2477.201494488692,2099.973833487044,1550.4443002154392,10800.0,833.3333333333333,822.7674441259994,0.0,0.27333330013789237
2025-08-15,22295.948059809743,425.61342290758256,0.0,22721.561482717327,38969.43096849253,39076.075938865804,0.0,19504.22725986364,12972.701913815998,10560.580118147167,0,0,2099.973833487044,2041.427646869024,1581.0745020294553,10800.0,823.7203,707.0260333333333,0.0,0.26371260010637343
2025-08-16,22402.151005832282,137.42591607847834,0.0,22539.57692191076,39170.86740809417,38909.06224329189,0.0,20011.156754563068,12569.658485742026,10601.033363679871,0,0,2041.427646869024,1575.19432439255,1378.8458040170494,10800.0,818.039301111111,731.895,5.684341886080802e-14,0.19661450013518333
2025-08-17,51500.038061315805,394.8521250765309,225.41160304455565,52120.3017894369,69211.85733718763,68506.3654453441,27.830310888888903,1713.5219165088974,19481.55010151226,15826.269878454841,1,0,1575.19432439255,1523.8451063593159,1449.722816914871,10800.0,833.3333333333333,833.3333333333333,0.0,0.23279020003974438
2025-08-18,51148.689068587715,1423.200894090389,327.78133908094594,52899.67130175905,67473.9438462375,68784.85514670382,39.19422923364175,147.49950024769532,19989.001477155278,15706.567218132172,1,0,1523.8451063593159,2062.2050823188742,1523.8451063593159,10583.413909586769,833.3333333333333,833.3333333333333,1.1368683772161603e-13,0.22169490018859506
2025-08-19,50540.6044849389,2634.4969696000135,661.3654164188943,53836.4668709578,66611.36172799386,69616.2881914872,78.37296113134323,2105.111139611719,18610.72475432089,15338.834791314066,3,0,2062.2050823188742,1768.707593080934,1610.6836238216754,10800.0,833.3333333333333,833.3333333333333,1.1368683772161603e-13,0.2531149999704212
2025-08-20,52404.0204353583,6239.804833841597,0.0,58643.8252691999,69534.95844854464,75472.14097207505,0.0,726.2940122808435,20105.665837305103,16010.509944177547,0,0,1768.707593080934,2074.351353124925,1768.707593080934,10800.0,833.3333333333333,810.170677285422,0.0,0.23405209998600185
2025-08-21,51453.548547941245,914.3292271117284,0.0,52367.87777505298,69193.22176125374,70106.32786339417,0.0,775.9656600544821,18904.525188330743,15418.581468324384,0,0,2074.351353124925,1956.666835595498,1601.3652396340196,10800.0,833.3333333333333,817.0059081129896,0.0,0.30022229976020753
2025-08-22,22654.77406974085,575.4179314651982,0.0,23230.19200120605,39474.39421312742,39827.75412161009,0.0,16184.715213349089,13181.262380218124,10768.79287195713,0,0,1956.666835595498,1854.4775645061113,1532.0246823916548,10800.0,787.3271743333333,751.1733333333333,5.684341886080802e-14,0.2548343001399189
2025-08-23,22132.459257773997,512.1285528035279,0.0,22644.587810577526,39472.250032756776,39860.76558092268,0.0,14960.62327193199,13068.61316859029,10698.4770095996,0,0,1854.4775645061113,1729.0327389044776,1681.568629892133,10800.0,807.5858786666665,698.8283333333334,0.0,0.24280190048739314
2025-08-24,52193.705858773836,516.8980943724357,0.0,52710.603953146274,69308.99780845857,68905.71996463058,0.0,1119.982938836657,20676.073395492404,16623.92585303182,0,0,1729.0327389044776,1866.4700692567346,1729.0327389044776,10800.0,833.3333333333333,810.5831221523243,1.1368683772161603e-13,0.3016371999401599
2025-08-25,57019.289709154305,-601.9316523043406,0.0,56417.35805684997,77355.33866481009,75393.21572941064,0.0,669.7786197353836,20443.663154231876,16493.313061223278,0,0,1866.4700692567346,1939.86350670623,1805.21253391981,10800.0,833.3333333333333,809.4566833333333,1.1368683772161603e-13,0.269098499789834
2025-08-26,51609.32163231605,1162.4549578103306,0.0,52771.776590126385,68822.84262327428,69521.70354556054,0.0,114.51965858749539,19323.29595268452,15444.930449044798,0,0,1939.86350670623,2169.7960318503074,1818.8968637210617,10800.0,833.3333333333333,823.2311908172851,1.1368683772161603e-13,0.321075800107792
2025-08-27,51824.4860220195,4045.900206919563,0.0,55870.38622893906,69480.84652000609,73259.91121436819,0.0,2140.6393601798754,18955.105629931688,15749.982642410043,0,0,2169.7960318503074,1729.4103849998942,1622.9518823714996,10800.0,833.3333333333333,811.4205555555554,1.1368683772161603e-13,0.2154878000728786
2025-08-28,51528.28938837538,7677.675232734509,0.0,59205.96462110989,69920.64305498899,77225.9753770588,0.0,2623.1603475509637,19527.246120381347,15692.226074206836,0,0,1729.4103849998942,1868.1251442244054,1563.4227476989147,10800.0,833.3333333333333,826.7816666666663,1.1368683772161603e-13,0.2502873002085835
2025-08-29,23425.618740495345,-326.26801958071854,0.0,23099.350720914626,41220.51020567772,40666.59126738038,0.0,15330.369293992962,14333.016442150283,11552.014818762858,0,0,1868.1251442244054,1932.2679213120396,1622.6738373651258,10800.0,824.9145975555555,729.1532333333332,0.0,0.24436529981903732
2025-08-30,23272.30095574482,-177.45576756289594,0.0,23094.845188181924,40437.30623591474,40111.05866973525,0.0,19628.643369655496,12826.170961737873,10856.475494991455,0,0,1932.2679213120396,1413.0712368856252,1413.0712368856252,10800.0,833.3333333333333,703.5511333333334,0.0,0.27130070026032627
2025-08-31,51416.5374284183,1113.2198757268552,110.38604531666671,52640.14334946182,69865.74008641846,71486.45626967082,12.960672222222229,342.4090977912867,21383.527391085252,16873.142630316826,1,0,1413.0712368856252,1910.3096329547634,1413.0712368856252,10800.0,833.3333333333333,833.3333333333333,0.0,0.21011569979600608
2025-09-01,47449.75292180134,-2684.392171956101,0.0,44765.36074984523,72335.86733596862,64998.261100728254,0.0,5358.494111605447,19563.730900747745,13498.098444958272,0,0,1910.3096329547634,4519.7802825629915,1910.3096329547634,10800.0,833.3333333333333,797.4020387703631,1.1368683772161603e-13,0.2201009001582861
2025-09-02,40903.4190653241,-1087.1138035570273,0.0,39816.30526176708,60934.38174364466,58878.05921896061,0.0,2116.6465278851274,18117.206547280344,15413.549706204858,0,0,4519.7802825629915,3699.099834887686,2257.527439830865,10800.0,833.3333333333333,787.3865010266194,1.1368683772161603e-13,0.22797589981928468
2025-09-03,39790.700298932585,171.79386716206017,0.0,39962.49416609464,58253.476275871515,58115.70578814697,0.0,464.67783620301293,16928.648155116505,14825.33745317255,0,0,3699.099834887686,2462.2860043008163,1848.1036435966726,10800.0,833.3333333333333,789.0838888888891,1.1368683772161603e-13,0.21188340010121465
2025-09-04,36772.94305946425,2492.661142820185,241.8334736000008,39507.43767588444,56248.12316448187,58040.491251345826,34.93371666666678,905.5548589402132,19052.637616596585,15808.333057524309,2,0,2462.2860043008163,2044.8453508774028,1625.9311461999519,10800.0,833.3333333333333,833.3333333333333,1.1368683772161603e-13,0.1992922001518309
2025-09-05,19616.712004964105,-1503.7355757216326,0.0,18112.976429242473,39696.0375297373,36383.45240887543,0.0,24592.330595170115,14912.55663403055,9945.6964869919,0,0,2044.8453508774028,4415.372447069453,2044.8453508774028,10800.0,833.3333333333333,588.7583333333333,0.0,0.18414940009824932
2025-09-06,16579.613317271996,-794.8364766068605,0.0,15784.776840665136,33461.90233470264,31781.960028948888,0.0,22289.802128938416,12078.176988330702,10307.10278832023,0,0,4415.372447069453,3833.395305100161,2494.3780637777836,10800.0,807.1142938683118,588.4176,5.684341886080802e-14,0.2523188004270196
2025-09-07,35219.15134379005,3906.336279256132,0.0,39125.48762304618,53751.62418979413,57036.277805280515,0.0,709.5705135550702,15698.984341230724,14333.26066617194,0,0,3833.395305100161,2036.6360275723273,1588.7985934722014,10800.0,826.2848775096996,801.6183333333333,1.1368683772161603e-13,0.2680486000608653
2025-09-08,37037.95288720753,8109.90093149606,0.0,45147.85381870359,55831.50760378539,63681.72300092435,0.0,1042.182785490362,17827.593752041612,14583.623069940946,0,0,2036.6360275723273,1877.44477114206,1714.7744905016452,10800.0,833.3333333333333,806.5949999999999,1.1368683772161603e-13,0.2773060998879373
2025-09-09,36674.3325122438,4532.972492989183,0.0,41207.30500523298,55619.1505308975,58967.60212255303,0.0,2793.60844034036,17666.712773093044,14595.553357547044,0,0,1877.44477114206,1560.204758540202,1331.3261275525479,10800.0,830.9266722222222,815.685,0.0,0.21425610012374818
2025-09-10,38322.2698724013,7735.943652848453,0.0,46058.213525249754,57972.09273228194,64937.536788217345,0.0,24.927944444444393,18843.304049849863,15246.693856076954,0,0,1560.204758540202,1578.4074522084595,1436.8544483812993,10257.036871618135,833.3333333333333,819.7666666666667,0.0,0.25529480003751814
2025-09-11,38763.57090010482,1266.4727425337833,40.549625833333664,40070.593268471945,59068.96964260027,59403.8034571297,6.071666666666715,2205.768887601796,19570.12838710934,15862.107934248099,1,0,1578.4074522084595,1566.9586292200943,1261.2853381707116,10800.0,833.3333333333333,833.3333333333333,1.1368683772161603e-13,0.22811410017311573
2025-09-12,16266.063333777858,-16.466006465229032,0.0,16249.59732731263,34550.99944907369,34404.723525188325,0.0,18529.012718374066,14962.568630476826,10638.514023662567,0,0,1566.9586292200943,3212.699259246379,1566.9586292200943,10800.0,833.3333333333333,583.2223166666666,0.0,0.23208360048010945
2025-09-13,13548.394254349989,1246.224538144861,0.0,14794.61879249485,29455.11482575642,30386.7112224476,0.0,21250.04297282748,12214.527936569139,11084.961170282346,0,0,3212.699259246379,1889.1508796226587,1707.7346342522878,10800.0,833.3333333333333,571.3068333333333,0.0,0.23535319999791682
2025-09-14,40616.4091499748,2804.3193027303023,0.0,43420.72845270511,61220.83603787637,63920.49612094267,0.0,846.0425912284994,18049.909969324086,15074.781189609905,0,0,1889.1508796226587,1384.3129746699992,1384.3129746699992,10800.0,833.3333333333333,818.4880333333333,0.0,0.2504612999036908
2025-09-15,39861.92109018122,2148.843914219103,7.876615533333644,42018.64161993366,60170.62161950198,61891.29154442635,1.1717666666667128,2334.0080564096297,20395.933260149206,15904.508638799154,1,0,1384.3129746699992,2068.9766434718795,1384.3129746699992,10800.0,833.3333333333333,833.3333333333333,0.0,0.21003890014253557
2025-09-16,41887.45778156337,2458.367981152307,0.0,44345.82576271567,63029.72576861195,64209.15287187278,0.0,1775.115415791683,17554.45997549412,14612.192502746355,0,0,2068.9766434718795,1632.2211739206248,1566.5563823774157,10800.0,831.898561111111,832.6574999999999,1.1368683772161603e-13,0.2697183000855148
2025-09-17,41913.3296816471,2113.458792360784,0.0,44026.78847400788,62918.11897133258,64884.89253970279,0.0,1087.0194848061587,19479.778988599068,15642.02433370243,0,0,1632.2211739206248,1783.9952262126467,1563.7556355953634,10800.0,833.3333333333333,832.741101111111,0.0,0.22704940009862185
2025-09-18,40084.63168357048,3991.576006187275,14.635915860385042,44090.84360561814,61005.55488116657,65570.3627743945,3.5343916591125435,2985.2858038445424,19362.811524388308,15730.251278845906,1,0,1783.9952262126467,1732.4686216666666,1200.0,10800.0,833.3333333333333,833.1831333333332,1.1368683772161603e-13,0.25701640034094453
2025-09-19,15142.052478209533,1494.422806733634,0.0,16636.475284943168,32385.56360344291,33959.574366263376,0.0,14458.47326486055,14174.796536349475,10775.047751613314,0,0,1732.4686216666666,2517.5102248108415,1732.4686216666666,10800.0,833.3333333333333,545.1881666666666,0.0,0.2387298997491598
2025-09-20,14383.721404272776,1576.6288153706805,0.0,15960.350219643457,31552.348177414293,33158.76167436763,0.0,15294.176237449614,13322.940228241552,11103.788524656864,0,0,2517.5102248108415,2170.6136250539516,1551.7991980305337,10800.0,825.2908333333332,572.0883333333334,0.0,0.2786715002730489
2025-09-21,42969.052931164915,6221.600838660642,0.0,49190.653769825556,64729.52798146479,69425.75090132168,0.0,8165.696014648678,15996.310940404914,13023.74353706525,0,0,2170.6136250539516,2096.4673191236525,1613.5024275187136,10800.0,833.3333333333333,805.3316666666666,0.0,0.2537720000836998
2025-09-22,44057.294243673765,4507.76190965287,86.70639729437868,48651.76255062102,65821.5381072976,68273.41594013348,13.221882076369752,4351.528991684234,17458.502400437275,14137.413453244992,2,0,2096.4673191236525,2100.882309244985,1884.6199913437508,10800.0,833.3333333333333,833.3333333333333,1.1368683772161603e-13,0.19764219992794096
2025-09-23,43105.341864281356,5069.882478085424,0.0,48175.22434236678,64801.73846482724,68391.05469567164,0.0,3308.329625672127,17705.088040593684,14738.978553927498,0,0,2100.882309244985,1658.81870808209,1319.2960451944912,10800.0,833.3333333333333,833.0466666666665,0.0,0.23740580002777278
2025-09-24,42106.63992637403,5621.033660331361,0.0,47727.673586705394,63381.60549264986,67712.09962657886,0.0,2685.7228394991707,18431.556975459236,14468.40528837954,0,0,1658.81870808209,2171.2141100181398,1658.81870808209,10800.0,833.3333333333333,812.052055062564,0.0,0.27525919978506863
2025-09-25,43065.009790743956,-35.09923605858456,106.25664583333337,43136.1672005187,64838.54175057074,64196.94146958341,15.37166666666667,291.8297366967781,20479.246020747312,16894.211521194014,1,0,2171.2141100181398,1831.1893940307084,1251.8085262871773,10800.0,833.3333333333333,833.3333333333333,0.0,0.273687900044024
2025-09-26,15027.622754632082,-188.44657547613653,0.0,14839.176179155946,33163.96631393849,32753.502201584022,0.0,12069.475260934558,14804.429515309223,11814.64607465975,0,0,1831.1893940307084,2027.7914304092917,1753.664395594477,10800.0,833.3333333333333,562.1766666666666,5.684341886080802e-14,0.25423369999043643
2025-09-27,14983.753258177014,608.8227569045372,28.524376790989848,15621.100391872542,32264.102412000662,32828.24335587939,11.120614733329376,12700.39575,14958.159638903166,12620.49366829044,1,0,2027.7914304092917,1467.3643628772097,1200.0,10800.0,828.5394666666666,548.63,0.0,0.23368599987588823
2025-09-28,44759.08063210784,1072.243284245848,40.07191416666671,45871.395830520356,67273.47683312991,68291.12740294161,5.868333333333339,362.2383249449415,20681.8673586907,16234.739114027367,1,0,1467.3643628772097,2042.4459701128874,1467.3643628772097,10539.889026226601,833.3333333333333,833.3333333333333,0.0,0.30208060005679727
2025-09-29,45079.69812970325,810.10054796732,142.85538336666704,46032.65406103723,67724.89332437971,66135.0719812781,26.015016666666725,75.7225258290631,19078.770361067007,15753.297488951303,2,0,2042.4459701128874,1709.6754184606366,1434.6518521111352,10383.139012003703,833.3333333333333,833.3333333333333,0.0,0.28142970032058656
2025-09-30,44167.7881836416,4872.556760258123,209.13543670000087,49249.48038059972,66796.76813320658,71057.70128679293,31.411150000000134,1422.8419576193962,20890.657016150817,16646.56130364394,1,0,1709.6754184606366,2015.0875067253228,1647.8620379929282,10800.0,833.3333333333333,833.3333333333333,0.0,0.2766882998403162
2025-10-01,42150.919262802854,1406.3860455764125,0.0,43557.30530837927,66359.2864571975,65263.29498381505,0.0,10360.083516376304,18177.820753005737,12936.130818900318,0,0,2015.0875067253228,4001.647496763467,2015.0875067253228,10800.0,833.3333333333333,809.797222222222,0.0,0.2772560999728739
2025-10-02,40426.09206552287,-1572.3439866952408,0.0,38853.74807882763,63453.914566408595,57888.767426900224,0.0,3227.875412996743,17829.646255175317,14899.537357938496,0,0,4001.647496763467,3493.2876176006985,2507.7158104943073,10800.0,833.3333333333333,817.8149999999999,1.1368683772161603e-13,0.21716729970648885
2025-10-03,13348.897990816375,-118.93668680254366,0.0,13229.96130401383,30512.159768870282,30261.20496791859,0.0,19334.24147708807,13725.069864394289,10615.260073563768,0,0,3493.2876176006985,4051.1170804847,1993.2121889234543,10800.0,833.3333333333333,498.67564999999996,0.0,0.21417730022221804
2025-10-04,12741.379363119308,80.39988589912758,0.0,12821.779249018435,29007.001716921943,29019.84030021402,0.0,14346.1412056354,13227.403446730985,11649.686785485701,0,0,4051.1170804847,3011.6837542251455,1239.7214071358044,10800.0,833.3333333333333,501.82,5.684341886080802e-14,0.22381859994493425
2025-10-05,37904.633677128695,598.305353574758,0.0,38502.939030703456,59732.972785790706,58141.52723004885,0.0,435.665440462301,18449.687897040654,15479.787174120764,0,0,3011.6837542251455,2416.6393347608773,2085.3996906458406,10800.0,808.4594444444442,814.7683999999999,0.0,0.28592439997009933
2025-10-06,35884.028695731824,4447.103119931054,4919.88562717154,45251.01744283442,56140.61956170505,60213.85826472323,933.6772554833301,570.5218540894741,19910.417653456454,17066.513237339364,7,0,2416.6393347608773,1373.2227369390603,1200.0,10627.326551419786,833.3333333333333,800.0201833333333,0.0,0.2481890998315066
2025-10-07,36631.03919208568,3579.4246489803645,4371.230096435098,44581.69393750114,58271.79433541361,61433.01754119844,806.5100459444468,83.80458147408501,21309.79723988153,16925.637234212714,6,0,1373.2227369390603,1745.7766592627515,1200.0,10773.284676121104,833.3333333333333,810.2468,0.0,0.23082970012910664
2025-10-08,36848.9491565349,2299.3730093852837,290.5210594035056,39438.8432253237,58206.74640739606,60754.434469804095,56.941240042223534,309.980720805679,20826.212447989124,16803.31312561515,2,0,1745.7766592627515,1819.0199451028,1200.0,10800.0,833.3333333333333,803.9007555555554,0.0,0.2628488002810627
2025-10-09,38964.42107084286,941.245804345845,0.0,39905.666875188705,61464.552525035906,60663.900518850336,0.0,1126.1016650601737,20006.925913884275,16229.10874342744,0,0,1819.0199451028,1792.910219345929,1501.7545674895819,10800.0,833.3333333333333,804.0082833333333,0.0,0.2186977998353541
2025-10-10,12950.618238797728,1853.9060146181293,0.0,14804.524253415857,31157.614015456864,32757.72191269107,0.0,20035.199458145027,14587.284341163635,11208.37280328426,0,0,1792.910219345929,2467.718567188466,1792.910219345929,10800.0,828.9222222222222,471.35151666666667,0.0,0.21723549999296665
2025-10-11,12046.654756098618,2139.2357487854133,0.0,14185.890504884032,29342.291920738087,31307.398527562007,0.0,15566.633995349039,13696.729621504363,12062.27867262473,0,0,2467.718567188466,1392.2433680704746,1271.9917373949256,10800.0,833.3333333333333,496.5483333333333,0.0,0.20897080027498305
2025-10-12,37251.382148414865,5178.468367801699,151.85849736219052,42581.70901357876,59208.8079432365,64312.20640446362,50.65626710205863,2391.1218834681863,19104.230715934686,15647.445911170522,3,0,1392.2433680704746,1200.0,1200.0,10800.0,833.3333333333333,833.3333333333333,0.0,0.20347999990917742
2025-10-13,39190.84917662222,4217.883056297305,0.0,43408.73223291953,61178.22261024529,64059.45966094369,0.0,2799.9708812246427,19145.134556551555,14913.041076832507,0,0,1200.0,1860.57545997139,1200.0,10800.0,833.3333333333333,797.8655555555554,0.0,0.2505145000759512
2025-10-14,39656.3565035103,6005.72436856543,0.0,45662.080872075734,61678.1268255275,66377.97800794391,0.0,2033.1149474,18577.41828501169,15006.384507801105,0,0,1860.57545997139,1906.491352258465,1749.63230781402,10800.0,833.3333333333333,783.8474520216048,0.0,0.2928807004354894
2025-10-15,41563.24960496495,6122.582768649604,0.0,47685.832373614554,64441.40016157196,68228.5619945705,0.0,2724.956450136564,17652.66420351342,14069.082309079484,0,0,1906.491352258465,2161.5754586655594,1696.853144406299,10800.0,833.3333333333333,785.1266666666667,0.0,0.24889069981873035
2025-10-16,41757.649644834026,10618.477370188019,0.0,52376.127015022044,64833.77370565519,72104.59372302674,0.0,5878.488582343323,17019.948522469225,13760.316331785803,0,0,2161.5754586655594,2190.2887602369733,1604.050175727627,10800.0,833.3333333333333,795.1683333333333,0.0,0.2642579001840204
2025-10-17,13144.265026080087,2748.7789319211506,0.0,15893.043958001239,31348.594360531806,33860.890764842195,0.0,15561.002839056073,13473.31895254522,11177.63034342576,0,0,2190.2887602369733,1896.686547054609,1547.249184894115,10800.0,822.2769999999998,489.10518333333334,0.0,0.20181929995305836
2025-10-18,13511.475228454852,-102.73355608161472,0.0,13408.741672373237,31983.21539366086,31772.23778297708,0.0,12576.365068924555,15569.587104538588,12450.307657152733,0,0,1896.686547054609,2075.639766525198,1584.4501327543232,10800.0,833.3333333333333,466.40003333333334,5.684341886080802e-14,0.2081918998155743
2025-10-19,43557.968590645825,1385.8661905754325,0.0,44943.83478122126,66889.24610064985,67538.79606030943,0.0,165.4059611767766,20689.46855657511,17201.800990775788,0,0,2075.639766525198,1583.049255469703,1398.2188690165308,10558.483751043213,833.3333333333333,825.5608333333333,0.0,0.26857150020077825
2025-10-20,44822.0720716713,194.35302147126285,4007.658586399727,49024.08367954229,69097.46863369341,68855.12787328831,752.0795268998006,1028.7694869920401,21377.65377960415,17239.998233074744,6,0,1583.049255469703,1667.3840648081634,1200.0,10800.0,833.3333333333333,819.6775666666667,0.0,0.28649900015443563
2025-10-21,45701.517765522934,3482.485479629664,1293.752846227249,50477.756091379844,69538.0179938139,72822.9145729003,247.97497067014126,2044.1369216023606,21870.845868165183,17306.67459619709,4,0,1667.3840648081634,2121.5069059378343,1200.0,10800.0,833.3333333333333,831.9733333333334,0.0,0.2926332999486476
2025-10-22,45311.84026738061,1516.774840166749,2813.9612853847066,49642.57639293207,69250.34812767956,70234.7398504699,539.2034209426517,1282.2482067640422,21452.81241646032,17516.014051811802,5,0,2121.5069059378343,1966.8002454056666,1200.0,10800.0,833.3333333333333,809.3316666666666,0.0,0.24565970012918115
2025-10-23,46440.33794757613,-879.9490228327892,0.0,45560.38892474334,71888.10524027441,67726.73790242014,0.0,133.39293074946534,20873.500483698517,16659.652545361187,0,0,1966.8002454056666,2242.225630333017,1640.972654293741,10423.183356938274,833.3333333333333,818.0559833333333,0.0,0.30085200001485646
2025-10-24,13563.22861107149,365.83433925679304,0.0,13929.062950328283,32030.785821467518,32361.964333091393,0.0,11283.77549142997,15997.333841799478,13339.19571680472,0,0,2242.225630333017,1818.4975137250851,1493.8042187250849,10800.0,833.3333333333333,509.03313333333335,5.684341886080802e-14,0.18062690016813576
2025-10-25,14033.574866582998,137.26333893958684,0.0,14170.838205522585,32669.83642077952,32794.7562396933,0.0,10397.519095491713,16028.835635841337,13030.031224973083,0,0,1818.4975137250851,1766.6371137899748,1577.487794654172,10800.0,833.3333333333333,485.56499999999994,0.0,0.19068789994344115
2025-10-26,46359.398127166096,-383.0811819120647,0.0,45976.31694525403,70481.02970066949,68879.23912910694,0.0,173.46240881913636,20393.727564702327,16232.262861081192,0,0,1766.6371137899748,2085.1442985985245,1766.6371137899748,10800.0,833.3333333333333,830.1616666666666,0.0,0.2638216002378613
2025-10-27,43937.39534973733,2306.2705111688783,27.83163177083341,46271.49749267704,67475.50800918191,67829.09741782382,5.301263194444459,886.9220126244198,20104.365430001184,16709.470428274002,1,0,2085.1442985985245,1612.9949319618067,1485.0610496815298,10800.0,833.3333333333333,833.3333333333333,0.0,0.23088019993156195
2025-10-28,44265.74753427917,4874.1185027036845,0.0,49139.86603698286,67329.68366502458,71678.8901758856,0.0,1457.7731643185798,21137.06410676008,16888.36879519307,0,0,1612.9949319618067,1871.498411164698,1612.9949319618067,10800.0,833.3333333333333,817.4999999999999,0.0,0.2614438000600785
2025-10-29,46017.02791937148,7080.99947962803,0.0,53098.02739899951,69344.19953991009,75582.15719510947,0.0,2225.364319204713,21796.72554684918,17752.18947094444,0,0,1871.498411164698,1763.8964356129172,1491.4330070943981,10800.0,833.3333333333333,805.66,0.0,0.2865701001137495
2025-10-30,45879.432675055265,1545.1682578911036,0.0,47424.60093294637,68626.25597695088,70251.32385388218,0.0,1036.3992540635745,21656.104416031565,17228.997466212946,0,0,1763.8964356129172,2111.0598920269526,1713.387894989915,10800.0,833.3333333333333,810.91675,0.0,0.22659129998646677
2025-10-31,14207.935955142211,113.84808519387464,0.0,14321.784040336086,33194.623018924176,33225.78588990387,0.0,6312.3675112831515,16424.189863063788,13415.063551109733,0,0,2111.0598920269526,1987.2046008846592,1526.9109525568756,10800.0,824.9536888888888,487.62166666666667,0.0,0.20989480009302497
2025-11-01,14177.197191399104,126.1656724049599,0.0,14303.362863804065,33425.90716767326,33477.19644201138,0.0,7767.931278299548,16267.136572985766,13101.90984260727,0,0,1987.2046008846592,2069.949913674886,1740.4569826004317,10800.0,831.7125388888887,465.2955833333333,0.0,0.21454320009797812
2025-11-02,47436.10275987399,2620.8797810539504,0.0,50056.98254092794,71224.484476607,73514.11019551718,0.0,1028.1425881362097,21841.85030252332,18152.266628475674,0,0,2069.949913674886,1558.4300431951285,1375.7717166014481,10800.0,833.3333333333333,810.7116666666667,0.0,0.2721448002848774
2025-11-03,49005.15714090607,1399.4411198688513,0.0,50404.598260774925,73502.77939589215,74633.69590525763,0.0,536.6797733259323,21927.122617268193,17335.03676866982,0,0,1558.4300431951285,2031.6884335478117,1558.4300431951285,10800.0,833.3333333333333,808.015,0.0,0.2361437997315079
2025-11-04,47990.02303983185,972.799515306015,54.95305083333335,49017.775605971205,72155.47341943657,71331.26378613898,11.62166666666667,351.2290641046461,20594.71907301737,17183.1347176497,1,0,2031.6884335478117,1474.5636907637856,1347.261005424897,10534.796879009878,833.3333333333333,833.3333333333333,0.0,0.23903450020588934
2025-11-05,50282.401233355704,254.87130684331095,0.0,50537.27254019902,74999.00419326588,75042.13753336796,0.0,448.7992443801833,22927.083267355065,18011.765045033957,0,0,1474.5636907637856,2095.8663591234,1205.8540616808712,10800.0,833.3333333333333,803.2050166666667,0.0,0.3506327997893095
2025-11-06,49862.23469131252,2318.456492839029,1924.3631922866052,54105.05437643816,73458.01567793752,75553.58079733743,367.5177841221426,627.6500344993535,22016.89562621499,18093.03162925476,5,0,2095.8663591234,1807.7039457671592,1200.0,10800.0,833.3333333333333,791.6363888888885,0.0,0.2862863999325782
2025-11-07,14358.115343610407,332.2648588282483,0.0,14690.380202438655,33872.68118220841,34150.63140563265,0.0,7255.003034158905,17504.362937183963,13927.196349043545,0,0,1807.7039457671592,2086.967979184346,1211.2044588516455,10800.0,833.3333333333333,491.60833333333335,0.0,0.17866470012813807
2025-11-08,14552.60796099415,-28.902833259965497,0.0,14523.705127734185,33832.562275579396,33725.92132722013,0.0,7006.356081083267,16540.628503053988,13612.27035691712,0,0,2086.967979184346,1848.7887909139117,1761.8853199879857,10800.0,833.3333333333333,481.41166666666663,0.0,0.22610200010240078
2025-11-09,50114.71084847365,1903.1018074990334,0.0,52017.81265597269,74306.94028138154,75610.92013196653,0.0,261.11239494444453,21419.295377857045,17416.3048241683,0,0,1848.7887909139117,1774.7048263538072,1571.089430242696,10781.00572404969,833.3333333333333,788.5279438343365,0.0,0.2688816001173109
2025-11-10,51558.26910495005,4030.216938560631,0.0,55588.48604351068,75324.81009486382,78387.23620200176,0.0,562.8277321783249,21418.538183358316,17452.572813534865,0,0,1774.7048263538072,1659.641620781995,1513.7909393392474,10800.0,833.3333333333333,807.7445136033949,0.0,0.29087539995089173
2025-11-11,52081.189465584386,145.72723108499486,0.0,52226.91669666938,76800.80260975938,75967.50630691778,0.0,339.0935691073074,21053.473875815867,16984.08080467205,0,0,1659.641620781995,1736.5672149362144,1659.641620781995,10598.903829499994,833.3333333333333,790.3553999999998,0.0,0.2509614999871701
2025-11-12,51410.51385600956,814.682037930437,0.0,52225.19589393999,75594.92018348849,75437.33450992826,0.0,210.38615870497222,21744.95667197577,17473.996070752473,0,0,1736.5672149362144,1891.477029989432,1638.6871591869628,10606.834195490123,833.3333333333333,805.0685277777775,0.0,0.2297653998248279
2025-11-13,51524.10368604139,2289.7070413602464,0.0,53813.81072740164,74753.07951335332,76482.3993137662,0.0,23.94671277777786,20955.185587498683,16892.604303176926,0,0,1891.477029989432,1981.5837218750096,1566.5879047762442,10637.591694182924,833.3333333333333,811.9018977237654,0.0,0.30643859994597733
2025-11-14,14738.276583172592,434.86292735335235,0.0,15173.139510525943,34493.94235233836,34931.3024856445,0.0,4054.4858156614646,17083.157071780417,13804.795701797382,0,0,1981.5837218750096,2017.763195591413,1560.8991905914127,10800.0,825.7569611111111,474.0410499999999,0.0,0.19815219985321164
2025-11-15,15262.431342451975,327.66589839572674,0.0,15590.097240847701,34767.64614053312,35022.49977670027,0.0,3804.0287736370574,17187.98026545681,14181.396179060259,0,0,2017.763195591413,1729.8385688800297,1627.00066270719,10800.0,833.3333333333333,486.88499999999993,0.0,0.23743530013598502
2025-11-16,52861.22879161907,2850.286962670175,0.0,55711.51575428924,76926.51002163006,79074.60397842141,0.0,231.28333720230512,22423.652021210568,18014.875763324795,0,0,1729.8385688800297,1894.5967620531026,1729.8385688800297,10777.38192534012,833.3333333333333,832.3133333333333,0.0,0.352728100027889
2025-11-17,52749.25948057574,907.9780089711564,0.0,53657.2374895469,76655.21613907316,77089.53670006659,0.0,356.3189908001325,21804.28685839956,17766.82348246644,0,0,1894.5967620531026,1777.53995409444,1618.8821053290078,10800.0,833.3333333333333,777.9720000000003,0.0,0.22872929996810853
2025-11-18,53774.06482461786,1941.4935223237783,0.0,55715.55834694164,77885.176399444,79487.46806336043,0.0,310.1434478093098,22817.749700043805,18530.976917826018,0,0,1777.53995409444,1723.5403309938363,1631.3590785130352,10800.0,833.3333333333333,801.279305007716,0.0,0.22772320010699332
2025-11-19,54973.08821838627,2807.026472235065,0.0,57780.11469062133,78407.44590045462,80309.31948271027,0.0,875.0470418831496,22053.471120789705,17987.51027996258,0,0,1723.5403309938363,1585.5418064128123,1460.7546608229068,10800.0,833.3333333333333,829.6666666666666,0.0,0.3053784999065101
2025-11-20,54107.88389502002,1519.5185019773041,0.0,55627.40239699733,78844.80883584323,79830.76188701214,0.0,406.4813801827097,22800.7333398205,18169.528866324392,0,0,1585.5418064128123,1917.8364052241627,1549.627454657837,10800.0,833.3333333333333,804.2333333333332,0.0,0.2726614000275731
2025-11-21,15268.705174332692,975.4568773674725,0.0,16244.162051700165,34969.927814164286,35868.601457672936,0.0,3503.6041146224443,17259.81487795267,13759.201601568853,0,0,1917.8364052241627,2163.668015860624,1733.9891990333126,10800.0,833.3333333333333,489.4308333333332,0.0,0.24566849996335804
2025-11-22,15408.569238194228,139.68868620877413,0.0,15548.257924403002,35119.660427329654,35224.62652959493,0.0,2192.950082526665,17652.652600777627,14840.80563704269,0,0,2163.668015860624,1561.2713154019436,1349.0578128276043,10800.0,833.3333333333333,537.3437499999999,0.0,0.27077639987692237
2025-11-23,55499.49774451935,803.455496283155,0.0,56302.953240802504,79843.22311637888,79804.76076933138,0.0,50.53461753521378,22812.37076391633,18290.240895453506,0,0,1561.2713154019436,1769.9151190894115,1340.5770759080408,10604.240791021799,833.3333333333333,800.5674999999999,0.0,0.3034371002577245
2025-11-24,54706.12992417362,220.33872952305762,99.5299589999998,55025.998612696676,79007.75363509062,77887.62962322832,18.83966666666663,127.53199035254909,21056.011472707884,17439.01787316544,1,0,1769.9151190894115,1343.6389187871246,1303.9886320924795,10599.729968634569,833.3333333333333,833.3333333333333,0.0,0.338379800086841
2025-11-25,57289.147155549435,-320.3115809542282,0.0,56968.83557459521,82487.8156302147,80793.28935244943,0.0,72.76205919181143,22226.247712176195,17674.380885585237,0,0,1343.6389187871246,1709.0608757620998,1343.6389187871246,10456.112155046914,833.3333333333333,808.33755,0.0,0.2711253999732435
2025-11-26,56426.335884613334,1096.8313629391444,0.0,57523.167247552476,80713.91182462938,81718.69194605033,0.0,185.63352660559917,23370.963974177826,18595.57243806643,0,0,1709.0608757620998,2081.181299115003,1702.0177702396936,10741.974614596294,833.3333333333333,792.7211717084846,0.0,0.25280819996260107
2025-11-27,55929.984245605796,988.3923645384085,0.0,56918.3766101442,79841.05342678863,80070.46099106895,0.0,60.09106593391737,22013.75201252965,17784.274820727944,0,0,2081.181299115003,2133.25275402731,1593.4972422371875,10800.0,833.3333333333333,783.1004166666667,0.0,0.27878450020216405
2025-11-28,15250.068077297761,102.11719479161962,0.0,15352.18527208938,35937.16827169199,36031.36509538425,0.0,1771.6292609154898,18323.742168531186,14985.244884062424,0,0,2133.25275402731,1974.3486123026782,1438.603497847123,10800.0,819.3976388888889,511.01249999999993,0.0,0.2205595001578331
2025-11-29,16019.352227669602,781.3739391232216,0.0,16800.726166792825,37297.93260688918,38274.640570579286,0.0,330.31905067851847,18165.605181551055,15150.733761650288,0,0,1974.3486123026782,1489.2446516427524,1489.2446516427524,10800.0,833.3333333333333,499.8883333333333,0.0,0.22869910020381212
2025-11-30,57981.907129918094,3524.9151256336713,0.0,61506.822255551764,82489.64580829485,85034.46361440158,0.0,4.207793884248872,23807.465382648905,19022.037678798224,0,0,1489.2446516427524,1780.3660751398486,1489.2446516427524,10769.27837794867,833.3333333333333,813.9806833333332,0.0,0.4118628001306206
2025-12-01,62389.009192061385,14675.507364014687,1716.4156932129813,78780.93224928905,84032.9695361754,93186.06486098803,255.56061312355527,642.7683051887876,25039.705887020336,18539.776451430862,3,0,1780.3660751398486,3716.3497607571903,1200.0,10800.0,833.3333333333333,833.3333333333333,0.0,0.3047539000399411
2025-12-02,65496.622711546675,9339.83757461153,1512.898280804933,76349.35856696314,86088.08352714058,91786.2807717956,218.08004364168843,80.33000020511122,21769.313171879647,18483.09230664745,3,0,3716.3497607571903,2771.9623858405976,1200.0,10455.616862297826,833.3333333333333,833.3333333333333,0.0,0.30380029999651015
2025-12-03,66409.23833428942,7362.28079082146,0.0,73771.51912511088,87875.5098265472,92310.75940157806,0.0,1233.5867417220552,21600.00783727889,17685.58374408954,0,0,2771.9623858405976,2561.3208348476564,2127.3153537022795,10800.0,833.3333333333333,801.6529943667598,0.0,0.2992506998125464
2025-12-04,70587.92356640741,104.13935284961583,114.31931764846573,70806.38223690548,93473.56217016358,91158.27515677841,16.081311856636148,276.4610678628228,23121.34755479459,18994.66090402235,2,0,2561.3208348476564,2265.3548519157403,1663.759583236341,10696.002873149613,833.3333333333333,833.3333333333333,0.0,0.24509910005144775
2025-12-05,17844.382937919247,7706.92834840248,0.0,25551.311286321725,39035.02652255375,46312.4065951409,0.0,157.75223620152278,18962.172716094705,14119.146040488664,0,0,2265.3548519157403,3643.3702514135725,1325.4783934046445,10800.0,828.7770809999997,586.7537833333333,0.0,0.2758351997472346
2025-12-06,19306.655012749216,6279.241623122625,0.0,25585.89663587184,41240.517247962125,47160.330507107,0.0,1128.0873212399686,16532.384613427275,14164.77224422691,0,0,3643.3702514135725,2783.8805765793322,2112.207986142564,10800.0,833.3333333333333,569.5118333333332,0.0,0.25281470036134124
2025-12-07,73456.92769707032,-1260.872581191943,0.0,72196.05511587838,96383.37910145066,91917.02583562006,0.0,1303.1914012550865,21568.11283121726,18606.959646852272,0,0,2783.8805765793322,1520.7825170612346,1235.880836105681,10800.0,833.3333333333333,809.441522222222,0.0,0.25040500005707145
2025-12-08,73950.90789170438,-1184.661555351152,0.0,72766.24633635323,97346.15970060915,94270.66655041456,0.0,1577.7582536596362,23419.135356214734,18573.43817612648,0,0,1520.7825170612346,1960.8508086250722,1520.7825170612346,10800.0,833.3333333333333,809.366107021605,0.0,0.30195859959349036
2025-12-09,72737.69390929621,91.83452775588557,155.7531480956793,72985.28158514778,96590.36031527861,93312.11702489769,23.157746141975394,1830.392639107039,22934.194078306704,18817.76621304075,2,0,1960.8508086250722,1692.996353500277,1334.7823627595376,10800.0,833.3333333333333,833.3333333333333,0.0,0.32011420000344515
2025-12-10,72694.24084919356,-366.411629469892,113.68742920888937,72441.51664893256,95636.71374687614,95005.91355735017,21.064930370370462,1629.590740868845,24398.367091899974,19388.59781171493,1,0,1692.996353500277,2108.640278749218,1692.996353500277,10800.0,833.3333333333333,833.3333333333333,0.0,0.30553909996524453
2025-12-11,70956.93806611393,-1310.7941079906184,0.0,69646.14395812331,95398.75662140117,92392.38963244605,0.0,1933.475391421017,23188.18137160383,18690.521830578797,0,0,2108.640278749218,2210.757034771785,1706.6600528582046,10800.0,833.3333333333333,787.8932733333335,0.0,0.2969247999135405
2025-12-12,19833.49823962637,5412.845143147774,0.0,25246.343382774143,43196.81461318131,48619.471977909445,0.0,955.2539656051925,18867.42200182404,14917.617472853126,0,0,2210.757034771785,2616.3063110210624,2134.2859463297045,10800.0,833.3333333333333,625.31245,0.0,0.2637413996271789
2025-12-13,22078.356961540798,464.74101756491655,0.0,22543.097979105714,46474.08220692441,46884.521491414846,0.0,170.33374357379284,18993.821632771156,16078.16726826343,0,0,2616.3063110210624,1846.1154824446264,1578.696073926108,10699.768673924278,833.3333333333333,633.905,0.0,0.27691440004855394
2025-12-14,70318.7746592095,2365.629570799648,0.0,72684.40423000915,92303.6072927107,93792.4486715013,0.0,435.31313482417056,24491.842482450964,19913.428745773825,0,0,1846.1154824446264,1762.7417769017925,1457.6533631408,10800.0,833.3333333333333,781.2932093936735,0.0,0.23157019983045757
2025-12-15,70622.71144822409,4020.970193479443,0.0,74643.68164170353,92767.04477060566,95137.28307539213,0.0,980.4265391229602,23982.277741265774,19294.979171663268,0,0,1762.7417769017925,1907.9259977484705,1572.3974569460008,10800.0,833.3333333333333,794.3679327143298,0.0,0.24747239984571934
2025-12-16,71862.17805601761,675.636402666315,0.0,72537.81445868393,94214.740983737,94325.28266865318,0.0,598.2477875145439,23572.155813052246,19263.21226524694,0,0,1907.9259977484705,1719.2970458877824,1556.4096536038317,10800.0,833.3333333333333,813.0838532520185,0.0,0.22027859999798238
2025-12-17,72376.98470556697,-15.828479303450194,0.0,72361.15622626351,94843.38036555634,93001.133330024,0.0,312.1259909581497,22790.26525530255,18293.104982903365,0,0,1719.2970458877824,1904.8635724341227,1691.3104360143698,10330.840123207403,833.3333333333333,832.3181057777776,0.0,0.23877939977683127
2025-12-18,70333.23697233727,660.6516703545614,30.853245001691946,71024.74188769353,93143.39998917696,92202.6573874626,4.779003253050178,266.467905943849,23428.37016374807,18853.66864564293,1,0,1904.8635724341227,2041.8760024263534,1673.8176281670942,10552.525853422,833.3333333333333,833.3333333333333,0.0,0.31113560032099485
2025-12-19,21459.04966394657,106.85423778617948,0.0,21565.90390173275,46312.07596660357,46410.58661383249,0.0,70.18367444444414,19889.932829280624,16457.921189892564,0,0,2041.8760024263534,1656.236448898282,1461.4544029501308,10692.916198008024,833.3333333333333,626.09695,0.0,0.22072129999287426
2025-12-20,21988.112663067815,-149.2025248853956,0.0,21838.91013818242,47494.69708213098,46860.329770788856,0.0,188.10456292739946,20520.621514270126,16704.748556408667,0,0,1656.236448898282,1563.9640823984253,1287.6530720290368,10741.92370384926,833.3333333333333,619.5816666666666,0.0,0.25011779950000346
2025-12-21,70554.36849881893,1780.909178173895,0.0,72335.27767699283,93530.09027589379,94363.29667427385,0.0,590.7426734290227,24462.914771636963,19728.142637458794,0,0,1563.9640823984253,1660.4288908063643,1396.0277738310556,10800.0,833.3333333333333,801.6424416611071,0.0,0.2855208001565188
2025-12-22,71233.68615674923,1807.7495863566269,0.0,73041.43574310586,93039.68423202656,94000.39253764428,0.0,641.68710372785,23530.773266494696,19109.4949159116,0,0,1660.4288908063643,1605.3527018609254,1424.2512258201855,10800.0,833.3333333333333,791.8445701218096,0.0,0.2621006998233497
2025-12-23,71084.2742695364,-319.76620451980614,21.136369820417258,70785.64443483701,93679.2606216553,92123.31102394676,3.9540491666667776,261.5917050164354,23820.31646095147,19212.735626187805,1,0,1605.3527018609254,1696.1534876196908,1605.3527018609254,10724.891558806177,833.3333333333333,833.3333333333333,0.0,0.33349340013228357
2025-12-24,70302.58223621824,216.1394751800064,0.0,70518.72171139825,93072.08761751017,93004.15428957932,0.0,392.2508417569037,24330.932614093585,19573.588482937826,0,0,1696.1534876196908,1845.5611925952276,1686.670198089055,10745.283914486537,833.3333333333333,831.1459000000002,0.0,0.3074714997783303
2025-12-25,68993.84508503732,4267.138684436963,0.0,73260.98376947429,91460.10818664441,94404.90136001789,0.0,1743.9108592749776,24350.759303860454,19502.21733645087,0,0,1845.5611925952276,2092.114192235335,1582.4680712673448,10800.0,833.3333333333333,790.0994465388344,0.0,0.35443010018207133
2025-12-26,21181.18150830284,1636.9436130214658,0.0,22818.12512132431,45457.58537343604,46874.341270627,0.0,4.057893021394989,19481.71158506979,15619.050640797512,0,0,2092.114192235335,2271.15390680091,1737.1577413682087,10365.669652827166,833.3333333333333,651.6783333333333,0.0,0.24024930014275014
2025-12-27,20630.84375833242,1274.0149620486031,0.0,21904.858720381024,45585.41087146606,46890.80701208959,0.0,72.9372183582817,19680.949918280337,16201.88919121569,0,0,2271.15390680091,1981.9097319024609,1779.845547633225,10800.0,833.3333333333333,648.7416666666666,0.0,0.29134170012548566
2025-12-28,69259.0929753911,933.296470970013,97.89641619093693,70290.28586255206,92031.6493502117,92317.33310419851,13.31987055909758,1221.2755145272513,22738.24834147707,18438.12563124671,2,0,1981.9097319024609,1959.5269822910316,1655.0271872293038,10800.0,833.3333333333333,833.3333333333333,0.0,0.30226780008524656
2025-12-29,68854.70445366189,2065.7144385921238,0.0,70920.41889225402,91572.63865428232,92643.1868804355,0.0,1179.4853783674507,23089.53792019104,19149.60268478965,0,0,1959.5269822910316,1462.774794030024,1462.774794030024,10800.0,833.3333333333333,809.8436999999999,0.0,0.30207209987565875
2025-12-30,68763.88134949558,-399.82785478941366,0.0,68364.05349470617,92445.5207172363,91090.36350438485,0.0,173.70503706474233,23913.392669419205,19221.136802099085,0,0,1462.774794030024,1628.0095275083213,1280.4696596820943,10586.517036091724,833.3333333333333,824.2992851914964,1.1368683772161603e-13,0.32679699966683984
2025-12-31,69665.58467037449,1631.4168438288293,0.0,71297.00151420332,92392.11733555366,93348.34604372998,0.0,159.57977546801726,24501.525808137114,19959.182473208486,0,0,1628.0095275083213,1502.5133401556236,1445.2784735506857,10706.48337785008,833.3333333333333,812.9791882338998,0.0,0.3277591997757554
